coin_id,name,symbol,categories,last_updated
0x,0x Protocol,zrx,Decentralized Exchange (DEX);Decentralized Finance (DeFi);Avalanche Ecosystem;Harmony Ecosystem;Ethereum Ecosystem;Coinbase Ventures Portfolio;Pantera Capital Portfolio;Energi Ecosystem;GMCI DeFi Index;Blockchain Capital Portfolio;GMCI Index;Made in USA,2025-07-11T04:56:37.292046+00:00
1inch,1inch,1inch,Decentralized Exchange (DEX);Exchange-based Tokens;Decentralized Finance (DeFi);Automated Market Maker (AMM);BNB Chain Ecosystem;Avalanche Ecosystem;Polygon Ecosystem;Near Protocol Ecosystem;Harmony Ecosystem;Ethereum Ecosystem;FTX Holdings;Alameda Research Portfolio;DragonFly Capital Portfolio;Pantera Capital Portfolio;Energi Ecosystem;YZi Labs (Prev. Binance Labs) Portfolio;GMCI DeFi Index;Galaxy Digital Portfolio;Blockchain Capital Portfolio;Dex Aggregator;GMCI Index;Coinbase 50 Index,2025-07-11T04:56:38.430125+00:00
aave,Aave,aave,Decentralized Finance (DeFi);Yield Farming;BNB Chain Ecosystem;Lending/Borrowing Protocols;Avalanche Ecosystem;Polygon Ecosystem;Near Protocol Ecosystem;Fantom Ecosystem;Harmony Ecosystem;Arbitrum Ecosystem;Ethereum Ecosystem;Optimism Ecosystem;Base Ecosystem;Index Coop Defi Index;Energi Ecosystem;Sora Ecosystem;Huobi ECO Chain Ecosystem;GMCI DeFi Index;Blockchain Capital Portfolio;GMCI Index;World Liberty Financial Portfolio;Coinbase 50 Index;Hydration Ecosystem,2025-07-11T04:56:39.110372+00:00
abtc,aBTC,abtc,Decentralized Finance (DeFi);Aptos Ecosystem,2025-07-11T04:56:40.317325+00:00
acet-token,Acet,act,BNB Chain Ecosystem,2025-07-11T04:56:40.843604+00:00
aelf,aelf,elf,Infrastructure;Smart Contract Platform;BNB Chain Ecosystem;Layer 1 (L1);Ethereum Ecosystem;GMCI Layer 1 Index;Aelf Ecosystem;GMCI Index,2025-07-11T04:56:41.445325+00:00
aerodrome-finance,Aerodrome Finance,aero,Decentralized Exchange (DEX);Decentralized Finance (DeFi);Automated Market Maker (AMM);Base Ecosystem;Binance Alpha Spotlight;Made in USA,2025-07-11T04:56:41.978766+00:00
aethir,Aethir,ath,Solana Ecosystem;Arbitrum Ecosystem;Impossible Finance Launchpad;Ethereum Ecosystem;DePIN;Animoca Brands Portfolio,2025-07-11T04:56:42.518451+00:00
aevo-exchange,Aevo,aevo,Smart Contract Platform;Decentralized Finance (DeFi);Binance Launchpool;Derivatives;Perpetuals;Ethereum Ecosystem;Layer 2 (L2);DragonFly Capital Portfolio;Pantera Capital Portfolio,2025-07-11T06:21:37.180917+00:00
agentfun-ai,AgentFun.AI,agentfun,Meme;Cronos Ecosystem;AI Meme;Cronos zkEVM Ecosystem,2025-07-11T04:56:43.078906+00:00
ai-companions,AI Companions,aic,BNB Chain Ecosystem;Meme;AI Meme,2025-07-11T04:56:44.226878+00:00
ai16z,ai16z,ai16z,Artificial Intelligence (AI);Solana Ecosystem;Meme;Solana Token-2022;AI Agents;Binance Alpha Spotlight;AI Framework;Made in USA,2025-07-11T04:56:44.760793+00:00
aioz-network,AIOZ Network,aioz,Artificial Intelligence (AI);Smart Contract Platform;Storage;BNB Chain Ecosystem;Layer 1 (L1);Ethereum Ecosystem;DePIN;DWF Labs Portfolio;Osmosis Ecosystem;GMCI DePIN Index;GMCI Index,2025-07-11T04:56:45.324295+00:00
aixbt,aixbt by Virtuals,aixbt,Artificial Intelligence (AI);Solana Ecosystem;Meme;Base Ecosystem;AI Meme;AI Agents;Virtuals Protocol Ecosystem;Binance Alpha Spotlight;DeFAI,2025-07-11T04:56:46.385304+00:00
akash-network,Akash Network,akt,Artificial Intelligence (AI);Smart Contract Platform;DePIN;Osmosis Ecosystem;Proof of Stake (PoS);Archway Ecosystem;Made in USA,2025-07-11T04:56:46.915973+00:00
alchemist-ai,Alchemist AI,alch,Artificial Intelligence (AI);Solana Ecosystem;Pump.fun Ecosystem;AI Applications;Binance Alpha Spotlight,2025-07-11T04:56:47.584172+00:00
alchemy-pay,Alchemy Pay,ach,BNB Chain Ecosystem;Ethereum Ecosystem;Payment Solutions;DWF Labs Portfolio,2025-07-11T04:56:48.172612+00:00
aleo,ALEO,aleo,Smart Contract Platform;Layer 1 (L1);Zero Knowledge (ZK);Andreessen Horowitz (a16z) Portfolio;Privacy Blockchain;Made in USA,2025-07-11T04:56:48.723082+00:00
algorand,Algorand,algo,Smart Contract Platform;Layer 1 (L1);Algorand Ecosystem;Real World Assets (RWA);Alleged SEC Securities;DWF Labs Portfolio;Multicoin Capital Portfolio;Proof of Stake (PoS);GMCI Layer 1 Index;GMCI Index;Made in USA;Coinbase 50 Index,2025-07-11T04:56:49.266926+00:00
altlayer,AltLayer,alt,Smart Contract Platform;BNB Chain Ecosystem;Binance Launchpool;Ethereum Ecosystem;Layer 2 (L2);Restaking;Rollups-as-a-Service (RaaS);Rollup;YZi Labs (Prev. Binance Labs) Portfolio,2025-07-11T04:56:49.836361+00:00
amp-token,Amp,amp,Decentralized Finance (DeFi);Near Protocol Ecosystem;Ethereum Ecosystem;Payment Solutions;Alleged SEC Securities;Pantera Capital Portfolio;Energi Ecosystem;Made in USA,2025-07-11T04:56:50.961210+00:00
anime,Animecoin,anime,NFT;Meme;Arbitrum Ecosystem;Ethereum Ecosystem;Anime-Themed;Binance HODLer Airdrops;Airdropped Tokens by NFT Projects,2025-07-11T04:56:51.580164+00:00
ankr,Ankr Network,ankr,BNB Chain Ecosystem;Avalanche Ecosystem;Polygon Ecosystem;Fantom Ecosystem;Arbitrum Ecosystem;Ethereum Ecosystem;Optimism Ecosystem;Liquid Staking Governance Tokens;Linea Ecosystem;DePIN;Scroll Ecosystem;Rollups-as-a-Service (RaaS);Blast Ecosystem;Mode Ecosystem;Pantera Capital Portfolio;Polygon zkEVM Ecosystem;YZi Labs (Prev. Binance Labs) Portfolio;Liquid Staking;Made in USA,2025-07-11T04:56:52.196203+00:00
apecoin,ApeCoin,ape,Gaming (GameFi);NFT;Polygon Ecosystem;Ethereum Ecosystem;Animoca Brands Portfolio;Gaming Blockchains;Gaming Governance Token;Gaming Utility Token;Andreessen Horowitz (a16z) Portfolio;ApeChain Ecosystem;Airdropped Tokens by NFT Projects;Coinbase 50 Index,2025-07-11T04:56:53.312630+00:00
apenft,APENFT,nft,NFT;BNB Chain Ecosystem;Ethereum Ecosystem;Tron Ecosystem,2025-07-11T04:56:53.875603+00:00
apollo-diversified-credit-securitize-fund,Apollo Diversified Credit Securitize Fund,acred,Solana Ecosystem;Avalanche Ecosystem;Polygon Ecosystem;Ethereum Ecosystem;Aptos Ecosystem;Real World Assets (RWA);Ink Ecosystem,2025-07-11T04:56:54.425727+00:00
aptos,Aptos,apt,Smart Contract Platform;Layer 1 (L1);Aptos Ecosystem;FTX Holdings;Coinbase Ventures Portfolio;Multicoin Capital Portfolio;Proof of Stake (PoS);DragonFly Capital Portfolio;Andreessen Horowitz (a16z) Portfolio;YZi Labs (Prev. Binance Labs) Portfolio;GMCI Layer 1 Index;GMCI 30 Index;Circle Ventures Portfolio;GMCI Index;Made in USA,2025-07-11T04:56:55.061926+00:00
arbitrum,Arbitrum,arb,Smart Contract Platform;Arbitrum Ecosystem;Ethereum Ecosystem;Arbitrum Nova Ecosystem;Layer 2 (L2);eGirl Capital Portfolio;Rollup;Alameda Research Portfolio;Pantera Capital Portfolio;GMCI Layer 2 Index;GMCI 30 Index;GMCI Index;Polychain Capital Portfolio;Made in USA,2025-07-11T04:56:56.187287+00:00
arkham,Arkham,arkm,Artificial Intelligence (AI);Exchange-based Tokens;Analytics;Derivatives;Perpetuals;Centralized Exchange (CEX) Token;Ethereum Ecosystem;Binance Launchpad;Coinbase Ventures Portfolio;YZi Labs (Prev. Binance Labs) Portfolio;Made in USA,2025-07-11T04:56:57.831449+00:00
arweave,Arweave,ar,Artificial Intelligence (AI);Smart Contract Platform;Storage;Layer 1 (L1);DePIN;Coinbase Ventures Portfolio;Multicoin Capital Portfolio;Andreessen Horowitz (a16z) Portfolio;Blockchain Capital Portfolio,2025-07-11T04:56:58.384858+00:00
astar,Astar,astr,Smart Contract Platform;Polkadot Ecosystem;Layer 1 (L1);Ethereum Ecosystem;Layer 2 (L2);Alameda Research Portfolio;YZi Labs (Prev. Binance Labs) Portfolio;OKX Ventures Portfolio,2025-07-11T04:56:58.933269+00:00
aura-on-sol,aura,aura,Solana Ecosystem;Meme;Solana Meme;Cat-Themed;Pump.fun Ecosystem,2025-07-11T04:57:00.059623+00:00
avalanche-2,Avalanche,avax,Smart Contract Platform;Layer 1 (L1);Avalanche Ecosystem;Proof of Stake (PoS);DragonFly Capital Portfolio;DeFiance Capital Portfolio;Andreessen Horowitz (a16z) Portfolio;GMCI Layer 1 Index;GMCI 30 Index;Galaxy Digital Portfolio;GMCI Index;Polychain Capital Portfolio;World Liberty Financial Portfolio;Made in USA;Coinbase 50 Index,2025-07-11T04:57:00.695799+00:00
axelar,Axelar,axl,Infrastructure;BNB Chain Ecosystem;Avalanche Ecosystem;Polygon Ecosystem;Fantom Ecosystem;Arbitrum Ecosystem;Moonbeam Ecosystem;Ethereum Ecosystem;Optimism Ecosystem;Interoperability;Bridge Governance Tokens;Base Ecosystem;Osmosis Ecosystem;Cross-chain Communication;Secret Ecosystem;Galaxy Digital Portfolio;Polychain Capital Portfolio;Made in USA,2025-07-11T04:57:02.536155+00:00
axie-infinity,Axie Infinity,axs,Gaming (GameFi);NFT;BNB Chain Ecosystem;Axie Infinity Ecosystem;Metaverse;Play To Earn;Harmony Ecosystem;Ethereum Ecosystem;Animoca Brands Portfolio;Alleged SEC Securities;Binance Launchpad;Ronin Ecosystem;Card Games;Breeding;Paradigm Portfolio;Gaming Governance Token;Gaming Utility Token;Andreessen Horowitz (a16z) Portfolio;Energi Ecosystem;YZi Labs (Prev. Binance Labs) Portfolio;Consensys Portfolio;Coinbase 50 Index,2025-07-11T04:57:03.620930+00:00
baby-doge-coin,Baby Doge Coin,babydoge,Gaming (GameFi);BNB Chain Ecosystem;Solana Ecosystem;Meme;Ethereum Ecosystem;Dog-Themed;Solana Meme;Gaming Utility Token,2025-07-11T04:57:04.206266+00:00
babylon,Babylon,baby,Decentralized Finance (DeFi);LSDFi;Paradigm Portfolio;YZi Labs (Prev. Binance Labs) Portfolio;Galaxy Digital Portfolio;OKX Ventures Portfolio;Liquid Staking;BTCfi Protocol;Polychain Capital Portfolio,2025-07-11T04:57:04.758600+00:00
banana-for-scale-2,Banana For Scale,bananas31,BNB Chain Ecosystem;Meme;Binance Alpha Spotlight,2025-07-11T04:57:05.915524+00:00
band-protocol,Band Protocol,band,Business Services;Decentralized Finance (DeFi);Oracle;Fantom Ecosystem;Ethereum Ecosystem;Binance Launchpad;Osmosis Ecosystem;Energi Ecosystem;YZi Labs (Prev. Binance Labs) Portfolio;Sequoia Capital Portfolio,2025-07-11T04:57:07.093365+00:00
based-brett,Brett,brett,Meme;Base Ecosystem;Frog-Themed;Base Meme;The Boy’s Club,2025-07-11T04:57:07.761744+00:00
basic-attention-token,Basic Attention,bat,Solana Ecosystem;Avalanche Ecosystem;Polygon Ecosystem;Near Protocol Ecosystem;Harmony Ecosystem;Ethereum Ecosystem;Pantera Capital Portfolio;Energi Ecosystem;Made in USA,2025-07-11T04:57:08.301196+00:00
beam-2,Beam,beam,Smart Contract Platform;Gaming (GameFi);NFT;BNB Chain Ecosystem;Binance Launchpool;Avalanche Ecosystem;Ethereum Ecosystem;DWF Labs Portfolio;Gaming Blockchains;Avalanche L1,2025-07-11T04:57:08.911511+00:00
bedrock-token,Bedrock,br,Decentralized Finance (DeFi);BNB Chain Ecosystem;Liquid Staking Governance Tokens;Berachain Ecosystem;BTCfi Protocol;Binance Wallet IDO,2025-07-11T04:57:09.601442+00:00
beldex,Beldex,bdx,Artificial Intelligence (AI);Smart Contract Platform;Privacy;Masternodes;DePIN;DWF Labs Portfolio;Proof of Stake (PoS);Proof of Work (PoW);Name Service;Privacy Blockchain,2025-07-11T04:57:10.753640+00:00
ben-pasternak,Launch Coin on Believe,launchcoin,Solana Ecosystem;Launchpad;Meme;Solana Meme;Believe.app Ecosystem,2025-07-11T04:57:11.310238+00:00
berachain-bera,Berachain,bera,Smart Contract Platform;Decentralized Finance (DeFi);Layer 1 (L1);Berachain Ecosystem;Binance HODLer Airdrops;Outlier Ventures Portfolio;Polychain Capital Portfolio,2025-07-11T04:57:12.450546+00:00
biconomy,Biconomy,bico,Arbitrum Ecosystem;Ethereum Ecosystem;Account Abstraction;Coinbase Ventures Portfolio;YZi Labs (Prev. Binance Labs) Portfolio;Consensys Portfolio;Outlier Ventures Portfolio,2025-07-11T04:57:13.000570+00:00
big-time,Big Time,bigtime,Gaming (GameFi);Play To Earn;Ethereum Ecosystem;RPG;Alameda Research Portfolio;Circle Ventures Portfolio;OKX Ventures Portfolio;MMO,2025-07-11T04:57:14.210972+00:00
binance-peg-dogecoin,Binance-Peg Dogecoin,doge,BNB Chain Ecosystem;Meme;Binance-Peg Tokens,2025-07-11T04:57:16.985872+00:00
binance-peg-sol,Binance-Peg SOL,sol,BNB Chain Ecosystem;Binance-Peg Tokens,2025-07-11T04:57:17.589376+00:00
binance-peg-weth,Binance-Peg WETH,weth,BNB Chain Ecosystem;Binance-Peg Tokens,2025-07-11T04:57:18.158043+00:00
binancecoin,BNB,bnb,Smart Contract Platform;Exchange-based Tokens;BNB Chain Ecosystem;Centralized Exchange (CEX) Token;Layer 1 (L1);Ethereum Ecosystem;Alleged SEC Securities;FTX Holdings;Proof of Stake (PoS);GMCI Layer 1 Index;GMCI 30 Index;GMCI Index,2025-07-11T04:57:19.324955+00:00
bio-protocol,Bio Protocol,bio,Binance Launchpool;Solana Ecosystem;Ethereum Ecosystem;Base Ecosystem;Decentralized Science (DeSci),2025-07-11T04:57:19.946511+00:00
bitcoin,Bitcoin,btc,Smart Contract Platform;Layer 1 (L1);FTX Holdings;Proof of Work (PoW);Bitcoin Ecosystem;GMCI 30 Index;GMCI Index;Coinbase 50 Index,2025-07-11T04:27:44.378625+00:00
bitcoin-cash,Bitcoin Cash,bch,Smart Contract Platform;Layer 1 (L1);Bitcoin Fork;Proof of Work (PoW);Coinbase 50 Index,2025-07-11T04:57:21.744850+00:00
bitcoin-cash-sv,Bitcoin SV,bsv,Smart Contract Platform;Bitcoin Fork;Proof of Work (PoW),2025-07-11T04:57:22.808183+00:00
bitget-token,Bitget Token,bgb,Exchange-based Tokens;Centralized Exchange (CEX) Token;Ethereum Ecosystem;DragonFly Capital Portfolio;Morph L2 Ecosystem,2025-07-11T04:57:23.897702+00:00
bitkub-coin,KUB Coin,kub,Smart Contract Platform,2025-07-11T04:57:24.439566+00:00
bitmart-token,BitMart,bmx,Exchange-based Tokens;Centralized Exchange (CEX) Token;Ethereum Ecosystem,2025-07-11T04:57:25.579735+00:00
bittensor,Bittensor,tao,Artificial Intelligence (AI);Smart Contract Platform;Layer 1 (L1);DePIN;Bittensor Ecosystem;Polychain Capital Portfolio,2025-07-11T04:57:26.108247+00:00
bittorrent,BitTorrent,btt,Storage;BNB Chain Ecosystem;Ethereum Ecosystem;DePIN;Alleged SEC Securities;Binance Launchpad;Tron Ecosystem;Energi Ecosystem;YZi Labs (Prev. Binance Labs) Portfolio;BitTorrent Ecosystem;GMCI DePIN Index;GMCI Index,2025-07-11T04:57:26.650396+00:00
blackrock-usd-institutional-digital-liquidity-fund,BlackRock USD Institutional Digital Liquidity Fund,buidl,Solana Ecosystem;Avalanche Ecosystem;Polygon Ecosystem;Arbitrum Ecosystem;Ethereum Ecosystem;Optimism Ecosystem;Aptos Ecosystem;Real World Assets (RWA),2025-07-11T04:57:27.215543+00:00
blast,Blast,blast,Smart Contract Platform;Layer 2 (L2);eGirl Capital Portfolio;Paradigm Portfolio;Blast Ecosystem,2025-07-11T04:57:27.771215+00:00
blockchain-capital,Blockchain Capital,bcap,ZkSync Ecosystem,2025-07-11T04:57:28.345598+00:00
blockstack,Stacks,stx,Infrastructure;Smart Contract Platform;Layer 2 (L2);Bitcoin Sidechains;Stacks Ecosystem;SideChain;GMCI Layer 2 Index;GMCI 30 Index;Blockchain Capital Portfolio;GMCI Index;Made in USA;Coinbase 50 Index,2025-07-11T04:57:28.882791+00:00
blur,Blur,blur,NFT;Ethereum Ecosystem;NFT Marketplace;FTX Holdings;NFTFi;eGirl Capital Portfolio;Paradigm Portfolio;GMCI DeFi Index;GMCI Index;Made in USA;Coinbase 50 Index,2025-07-11T04:57:29.465710+00:00
bnb48-club-token,KOGE,koge,BNB Chain Ecosystem;Binance Alpha Spotlight,2025-07-11T04:57:30.244385+00:00
bonk,Bonk,bonk,BNB Chain Ecosystem;Solana Ecosystem;Polygon Ecosystem;Meme;Arbitrum Ecosystem;Ethereum Ecosystem;Aptos Ecosystem;Dog-Themed;Solana Meme;Neon Ecosystem;GMCI Meme Index;GMCI Index;Made in USA;Coinbase 50 Index;4chan-Themed,2025-07-11T04:57:30.804037+00:00
book-of-meme,BOOK OF MEME,bome,Solana Ecosystem;Meme;Frog-Themed;Solana Meme;GMCI Meme Index;GMCI Index,2025-07-11T04:57:31.349044+00:00
bora,BORA,bora,Gaming (GameFi);NFT;Kaia Ecosystem;Gaming Blockchains,2025-07-11T04:57:31.905966+00:00
btse-token,BTSE Token,btse,Exchange-based Tokens;Ethereum Ecosystem,2025-07-11T04:57:33.086643+00:00
build-on,BUILDon,b,BNB Chain Ecosystem;Meme;World Liberty Financial Portfolio,2025-07-11T04:57:33.637333+00:00
cardano,Cardano,ada,Smart Contract Platform;Layer 1 (L1);Cardano Ecosystem;Alleged SEC Securities;Proof of Stake (PoS);GMCI Layer 1 Index;GMCI 30 Index;GMCI Index;Made in USA;Coinbase 50 Index,2025-07-11T04:57:34.796739+00:00
casper-network,Casper Network,cspr,Smart Contract Platform;Layer 1 (L1);Real World Assets (RWA);Proof of Stake (PoS);GMCI Layer 1 Index;GMCI Index;Made in USA,2025-07-11T04:57:35.332027+00:00
cat-in-a-dogs-world,cat in a dogs world,mew,Solana Ecosystem;Meme;Dog-Themed;Solana Meme;Cat-Themed,2025-07-11T04:57:35.886142+00:00
celestia,Celestia,tia,Smart Contract Platform;Cosmos Ecosystem;Layer 1 (L1);Data Availability;Modular Blockchain;Osmosis Ecosystem;eGirl Capital Portfolio;Coinbase Ventures Portfolio;Proof of Stake (PoS);Secret Ecosystem;YZi Labs (Prev. Binance Labs) Portfolio;Delphi Ventures Portfolio;Galaxy Digital Portfolio;Blockchain Capital Portfolio;OKX Ventures Portfolio;Polychain Capital Portfolio,2025-07-11T04:57:36.457701+00:00
celo,Celo,celo,Smart Contract Platform;Celo Ecosystem;Layer 2 (L2);DWF Labs Portfolio;Coinbase Ventures Portfolio;Proof of Stake (PoS);Andreessen Horowitz (a16z) Portfolio;Optimism Superchain Ecosystem;Outlier Ventures Portfolio;Made in USA,2025-07-11T04:57:36.983447+00:00
centrifuge,Centrifuge [OLD],cfg,Polkadot Ecosystem;Real World Assets (RWA);Coinbase Ventures Portfolio;Circle Ventures Portfolio;Galaxy Digital Portfolio;RWA Protocol,2025-07-11T04:57:37.555698+00:00
chain-2,Onyxcoin,xcn,Smart Contract Platform;BNB Chain Ecosystem;Layer 1 (L1);Ethereum Ecosystem;Base Ecosystem;Proof of Stake (PoS);Pantera Capital Portfolio;Made in USA,2025-07-11T04:57:38.907836+00:00
chaingpt,ChainGPT,cgpt,Artificial Intelligence (AI);Smart Contract Platform;Decentralized Finance (DeFi);Analytics;NFT;BNB Chain Ecosystem;Solana Ecosystem;Launchpad;Ethereum Ecosystem;Telegram Apps;Discord Bots;ChainGPT Launchpad;Poolz Finance Launchpad;AI Agents;AI Applications;Binance Alpha Spotlight;AI Framework;DeFAI,2025-07-11T06:21:37.980318+00:00
chainlink,Chainlink,link,Business Services;Infrastructure;Smart Contract Platform;Decentralized Finance (DeFi);Oracle;BNB Chain Ecosystem;Solana Ecosystem;Avalanche Ecosystem;Polygon Ecosystem;Near Protocol Ecosystem;Gnosis Chain Ecosystem;Fantom Ecosystem;Harmony Ecosystem;Arbitrum Ecosystem;Ethereum Ecosystem;Optimism Ecosystem;Real World Assets (RWA);Base Ecosystem;Osmosis Ecosystem;Cross-chain Communication;Energi Ecosystem;Sora Ecosystem;Huobi ECO Chain Ecosystem;Milkomeda (Cardano) Ecosystem;GMCI DeFi Index;GMCI 30 Index;GMCI Index;World Liberty Financial Portfolio;Made in USA;Coinbase 50 Index;Chain Abstraction;Hydration Ecosystem,2025-07-11T04:57:40.015578+00:00
cheems-token,Cheems Token,cheems,BNB Chain Ecosystem;Meme,2025-07-11T04:57:40.567860+00:00
chex-token,Chintai,chex,Decentralized Exchange (DEX);Decentralized Finance (DeFi);BNB Chain Ecosystem;Solana Ecosystem;Ethereum Ecosystem;Real World Assets (RWA);Base Ecosystem;RWA Protocol,2025-07-11T04:57:41.117572+00:00
chia,Chia,xch,Smart Contract Platform;Layer 1 (L1);DePIN;Andreessen Horowitz (a16z) Portfolio;Made in USA,2025-07-11T04:57:41.716786+00:00
chiliz,Chiliz,chz,Smart Contract Platform;Sports;NFT;Layer 1 (L1);Ethereum Ecosystem;Alleged SEC Securities;Chiliz Ecosystem;YZi Labs (Prev. Binance Labs) Portfolio;Coinbase 50 Index,2025-07-11T04:57:42.294266+00:00
clbtc,clBTC,clbtc,Arbitrum Ecosystem;Ethereum Ecosystem;Optimism Ecosystem;Base Ecosystem,2025-07-11T04:57:42.820540+00:00
clearpool,Clearpool,cpool,Decentralized Finance (DeFi);Solana Ecosystem;DaoMaker Launchpad;Ethereum Ecosystem;Real World Assets (RWA);Sequoia Capital Portfolio;Made in USA,2025-07-11T04:57:43.596128+00:00
coinex-token,CoinEx,cet,Decentralized Exchange (DEX);Smart Contract Platform;Exchange-based Tokens;Layer 1 (L1);Ethereum Ecosystem,2025-07-11T04:57:45.867089+00:00
coinshift-usdl-morpho-vault,Coinshift USDL Morpho Vault,csusdl,Ethereum Ecosystem;Morpho Ecosystem,2025-07-11T04:57:46.391026+00:00
compound-ether,cETH,ceth,Crypto-Backed Tokens;Decentralized Finance (DeFi);Compound Tokens;cToken;Ethereum Ecosystem,2025-07-11T04:57:46.933716+00:00
compound-governance-token,Compound,comp,Decentralized Finance (DeFi);Yield Farming;BNB Chain Ecosystem;Lending/Borrowing Protocols;Avalanche Ecosystem;Polygon Ecosystem;Near Protocol Ecosystem;Harmony Ecosystem;Arbitrum Ecosystem;Ethereum Ecosystem;Base Ecosystem;Paradigm Portfolio;Index Coop Defi Index;Energi Ecosystem;Sora Ecosystem;Polychain Capital Portfolio;Made in USA,2025-07-11T04:57:47.481793+00:00
compound-wrapped-btc,cWBTC,cwbtc,Crypto-Backed Tokens;Decentralized Finance (DeFi);cToken;Ethereum Ecosystem,2025-07-11T04:57:48.106264+00:00
compounding-open-dollar,Compounding OpenDollar,cusdo,Ethereum Ecosystem;Real World Assets (RWA);Base Ecosystem,2025-07-11T04:57:48.718657+00:00
conflux-token,Conflux,cfx,Smart Contract Platform;DWF Labs Portfolio;Proof of Work (PoW);GMCI Layer 1 Index;Sequoia Capital Portfolio;GMCI Index;Made in China,2025-07-11T04:57:49.849880+00:00
conscious-token,Conscious Token,conscious,BNB Chain Ecosystem;Four.meme Ecosystem,2025-07-11T04:57:50.415871+00:00
constitutiondao,ConstitutionDAO,people,Meme;Ethereum Ecosystem;PolitiFi,2025-07-11T04:57:50.952204+00:00
convex-finance,Convex Finance,cvx,Decentralized Finance (DeFi);Yield Farming;Yield Aggregator;Ethereum Ecosystem;Metagovernance;Curve Ecosystem;Yield Optimizer,2025-07-11T04:57:51.587835+00:00
cookie,Cookie DAO,cookie,Artificial Intelligence (AI);Marketing;Analytics;BNB Chain Ecosystem;Ethereum Ecosystem;Animoca Brands Portfolio;Base Ecosystem;AI Agents;Binance Alpha Spotlight;InfoFi,2025-07-11T04:57:52.203722+00:00
coredaoorg,Core,core,Smart Contract Platform;Layer 1 (L1);Bitcoin Sidechains;SideChain,2025-07-11T04:57:52.871069+00:00
cosmos,Cosmos Hub,atom,Smart Contract Platform;BNB Chain Ecosystem;Cosmos Ecosystem;Canto Ecosystem;Alleged SEC Securities;Osmosis Ecosystem;Paradigm Portfolio;Proof of Stake (PoS);Kava Ecosystem;Layer 0 (L0);DragonFly Capital Portfolio;Pantera Capital Portfolio;Archway Ecosystem;Evmos Ecosystem;GMCI 30 Index;GMCI Index;Outlier Ventures Portfolio;Polychain Capital Portfolio;Mantra Ecosystem;Coinbase 50 Index,2025-07-11T04:57:53.533574+00:00
coti,COTI,coti,Smart Contract Platform;Ethereum Ecosystem;Layer 2 (L2);Zero Knowledge (ZK);Alleged SEC Securities;Privacy Blockchain,2025-07-11T04:57:54.709329+00:00
cow-protocol,CoW Protocol,cow,Decentralized Exchange (DEX);Decentralized Finance (DeFi);Polygon Ecosystem;Gnosis Chain Ecosystem;MEV Protection;Arbitrum Ecosystem;Ethereum Ecosystem;Base Ecosystem;Intent;Delphi Ventures Portfolio;Blockchain Capital Portfolio,2025-07-11T04:57:55.278413+00:00
creditcoin-2,Creditcoin,ctc,Smart Contract Platform;Layer 1 (L1);Ethereum Ecosystem;Real World Assets (RWA);DWF Labs Portfolio;Proof of Stake (PoS);Made in USA,2025-07-11T04:57:56.450547+00:00
crypto-com-chain,Cronos,cro,Smart Contract Platform;Exchange-based Tokens;Centralized Exchange (CEX) Token;Layer 1 (L1);Ethereum Ecosystem;GMCI Layer 1 Index;GMCI 30 Index;GMCI Index,2025-07-11T04:57:58.183508+00:00
dash,Dash,dash,Smart Contract Platform;Privacy;Masternodes;Alleged SEC Securities;Proof of Stake (PoS);Proof of Work (PoW);Made in USA,2025-07-11T04:58:00.439636+00:00
decentraland,Decentraland,mana,Entertainment;Gaming (GameFi);NFT;Metaverse;Polygon Ecosystem;Play To Earn;Ethereum Ecosystem;Animoca Brands Portfolio;Alleged SEC Securities;Simulation Games;Coinbase 50 Index,2025-07-11T04:58:01.107321+00:00
decred,Decred,dcr,Smart Contract Platform;Privacy;Layer 1 (L1);Proof of Stake (PoS);Proof of Work (PoW);Blockchain Capital Portfolio;Made in USA,2025-07-11T04:58:01.648665+00:00
deep,DeepBook,deep,Infrastructure;Decentralized Finance (DeFi);Sui Ecosystem,2025-07-11T04:58:02.236292+00:00
degen-base,Degen,degen,Smart Contract Platform;Meme;Base Ecosystem;Layer 3 (L3);Base Meme;Farcaster Ecosystem;Binance Alpha Spotlight,2025-07-11T04:58:02.800286+00:00
delysium,Delysium,agi,Artificial Intelligence (AI);BNB Chain Ecosystem;Solana Ecosystem;Ethereum Ecosystem;AI Agents;Alameda Research Portfolio,2025-07-11T04:58:03.663767+00:00
dexe,DeXe,dexe,Artificial Intelligence (AI);Decentralized Finance (DeFi);BNB Chain Ecosystem;Ethereum Ecosystem,2025-07-11T04:58:04.266618+00:00
diamond-launch,Diverge Loop,dlc,Analytics;BNB Chain Ecosystem,2025-07-11T04:58:04.924086+00:00
digibyte,DigiByte,dgb,Internet of Things (IOT);Smart Contract Platform;Layer 1 (L1);Proof of Work (PoW);Made in USA,2025-07-11T04:58:05.568135+00:00
dog-go-to-the-moon-rune,Dog (Bitcoin),dog,Solana Ecosystem;Meme;Dog-Themed;Solana Meme;Starknet Ecosystem;Bitcoin Ecosystem;Runes,2025-07-11T04:58:06.127425+00:00
dogecoin,Dogecoin,doge,Smart Contract Platform;Meme;Dog-Themed;Elon Musk-Inspired;Proof of Work (PoW);GMCI Meme Index;GMCI 30 Index;GMCI Index;Coinbase 50 Index;4chan-Themed,2025-07-11T04:58:06.678949+00:00
dogwifcoin,dogwifhat,wif,Solana Ecosystem;Meme;Dog-Themed;Solana Meme;GMCI Meme Index;GMCI Index,2025-07-11T04:58:07.257705+00:00
drift-protocol,Drift Protocol,drift,Decentralized Finance (DeFi);Derivatives;Prediction Markets;Solana Ecosystem,2025-07-11T04:58:08.530008+00:00
dydx-chain,dYdX,dydx,Decentralized Exchange (DEX);Smart Contract Platform;Decentralized Finance (DeFi);Cosmos Ecosystem;Perpetuals;Layer 1 (L1);Osmosis Ecosystem;Appchains;DragonFly Capital Portfolio;DeFiance Capital Portfolio;Andreessen Horowitz (a16z) Portfolio;GMCI DeFi Index;Delphi Ventures Portfolio;GMCI Index;Polychain Capital Portfolio;Made in USA,2025-07-11T04:58:09.711062+00:00
dymension,Dymension,dym,Smart Contract Platform;Cosmos Ecosystem;Modular Blockchain;Osmosis Ecosystem;Rollups-as-a-Service (RaaS),2025-07-11T06:21:35.233227+00:00
ecash,eCash,xec,Smart Contract Platform;Layer 1 (L1);Bitcoin Fork;Proof of Work (PoW),2025-07-11T04:58:10.380377+00:00
echelon-prime,Echelon Prime,prime,Smart Contract Platform;Gaming (GameFi);Ethereum Ecosystem;Base Ecosystem;Card Games;Paradigm Portfolio;Gaming Blockchains;Gaming Utility Token,2025-07-11T04:58:10.953063+00:00
eigenlayer,EigenCloud (prev. EigenLayer),eigen,Infrastructure;Ethereum Ecosystem;Data Availability;Restaking;Polychain Capital Portfolio;Made in USA,2025-07-11T04:58:11.553043+00:00
elrond-erd-2,MultiversX,egld,Smart Contract Platform;Layer 1 (L1);MultiversX Ecosystem;Binance Launchpad;DWF Labs Portfolio;Proof of Stake (PoS);YZi Labs (Prev. Binance Labs) Portfolio;GMCI Layer 1 Index;GMCI Index;Coinbase 50 Index,2025-07-11T04:58:12.751748+00:00
enjincoin,Enjin Coin,enj,Entertainment;Smart Contract Platform;Gaming (GameFi);NFT;Metaverse;Layer 1 (L1);Harmony Ecosystem;Ethereum Ecosystem;Gaming Blockchains;Energi Ecosystem,2025-07-11T04:58:13.325356+00:00
entangle,Entangle,ntgl,Smart Contract Platform;Oracle;Layer 1 (L1);Ethereum Ecosystem;Mantle Ecosystem;Cross-chain Communication;Consensys Portfolio,2025-07-11T04:58:13.890845+00:00
eos,EOS,eos,Smart Contract Platform;DWF Labs Portfolio;GMCI Layer 1 Index;GMCI Index;Made in USA;Coinbase 50 Index,2025-07-11T04:58:14.523261+00:00
ether-fi,Ether.fi,ethfi,Decentralized Finance (DeFi);Binance Launchpool;Arbitrum Ecosystem;Ethereum Ecosystem;Restaking;Liquid Restaking Governance Tokens;Ether.fi Ecosystem;Consensys Portfolio;OKX Ventures Portfolio,2025-07-11T04:58:16.719226+00:00
ethereum,Ethereum,eth,Smart Contract Platform;Layer 1 (L1);Ethereum Ecosystem;FTX Holdings;Multicoin Capital Portfolio;Proof of Stake (PoS);Alameda Research Portfolio;Andreessen Horowitz (a16z) Portfolio;GMCI Layer 1 Index;GMCI 30 Index;Delphi Ventures Portfolio;Galaxy Digital Portfolio;GMCI Index;World Liberty Financial Portfolio;Coinbase 50 Index,2025-07-11T04:27:44.731407+00:00
ethereum-classic,Ethereum Classic,etc,Smart Contract Platform;Layer 1 (L1);Proof of Work (PoW);Coinbase 50 Index,2025-07-11T04:58:18.713052+00:00
ethereum-name-service,Ethereum Name Service,ens,NFT;Ethereum Ecosystem;Decentralized Identifier (DID);Name Service,2025-07-11T04:58:19.228507+00:00
ethereum-pow-iou,EthereumPoW,ethw,Smart Contract Platform;EthereumPoW Ecosystem;Proof of Work (PoW),2025-07-11T04:58:19.792173+00:00
euler,Euler,eul,Lending/Borrowing Protocols;Ethereum Ecosystem;Paradigm Portfolio;Coinbase Ventures Portfolio,2025-07-11T04:58:20.341127+00:00
fartcoin,Fartcoin,fartcoin,Solana Ecosystem;Meme;Solana Meme;AI Meme;Pump.fun Ecosystem;Terminal of Truths;Binance Alpha Spotlight,2025-07-11T04:58:23.126214+00:00
fasttoken,Fasttoken,ftn,Smart Contract Platform;BNB Chain Ecosystem;Layer 1 (L1);Arbitrum Ecosystem;Ethereum Ecosystem;Base Ecosystem;Bahamut Ecosystem,2025-07-11T04:58:23.712775+00:00
fetch-ai,Artificial Superintelligence Alliance,fet,Artificial Intelligence (AI);NFT;BNB Chain Ecosystem;Ethereum Ecosystem;Binance Launchpad;DWF Labs Portfolio;Osmosis Ecosystem;AI Agents;GMCI DePIN Index;GMCI Index;Outlier Ventures Portfolio;AI Agent Launchpad,2025-07-11T04:58:24.254958+00:00
filecoin,Filecoin,fil,Infrastructure;Smart Contract Platform;Storage;Layer 1 (L1);DePIN;Alleged SEC Securities;Pantera Capital Portfolio;GMCI DePIN Index;GMCI 30 Index;Sequoia Capital Portfolio;Blockchain Capital Portfolio;GMCI Index;Made in USA,2025-07-11T04:58:24.783532+00:00
flare-networks,Flare,flr,Smart Contract Platform;Layer 1 (L1);DWF Labs Portfolio,2025-07-11T04:58:26.400330+00:00
floki,FLOKI,floki,Gaming (GameFi);NFT;BNB Chain Ecosystem;Metaverse;Meme;Play To Earn;Ethereum Ecosystem;Telegram Apps;Dog-Themed;DWF Labs Portfolio;RPG;On-chain Gaming;TokenFi Launchpad;GMCI Meme Index;GMCI Index,2025-07-11T04:58:26.921853+00:00
flow,Flow,flow,Smart Contract Platform;Sports;NFT;Layer 1 (L1);Animoca Brands Portfolio;Alleged SEC Securities;Multicoin Capital Portfolio;Proof of Stake (PoS);Flow Ecosystem;Andreessen Horowitz (a16z) Portfolio,2025-07-11T04:58:27.530268+00:00
freysa-ai,Freysa AI,fai,Artificial Intelligence (AI);Base Ecosystem;AI Agents;Binance Alpha Spotlight;AI Framework,2025-07-11T04:58:29.669718+00:00
funfair,FUNToken,fun,Gambling (GambleFi);Ethereum Ecosystem;Pantera Capital Portfolio;Energi Ecosystem,2025-07-11T04:58:30.207529+00:00
g-token,Gravity (by Galxe),g,Smart Contract Platform;BNB Chain Ecosystem;Layer 1 (L1);Ethereum Ecosystem;Decentralized Identifier (DID);Base Ecosystem;Gravity Alpha Ecosystem,2025-07-11T06:21:39.457174+00:00
gala,GALA,gala,Smart Contract Platform;Gaming (GameFi);NFT;Layer 1 (L1);Play To Earn;Ethereum Ecosystem;DWF Labs Portfolio;Gaming Platform;YZi Labs (Prev. Binance Labs) Portfolio;GalaChain Ecosystem;Made in USA,2025-07-11T04:58:30.716209+00:00
gas,Gas,gas,Infrastructure;Smart Contract Platform;NEO Ecosystem,2025-07-11T04:58:31.275595+00:00
gatechain-token,Gate,gt,Smart Contract Platform;Exchange-based Tokens;Centralized Exchange (CEX) Token;Ethereum Ecosystem;Proof of Stake (PoS),2025-07-11T04:58:31.867283+00:00
gigachad-2,Gigachad,giga,Solana Ecosystem;Meme;Solana Meme;Murad Picks;4chan-Themed,2025-07-11T04:58:33.569504+00:00
gmt-token,GoMining Token,gomining,Gaming (GameFi);BNB Chain Ecosystem;Ethereum Ecosystem;TON Ecosystem,2025-07-11T04:58:34.695835+00:00
gmx,GMX,gmx,Decentralized Finance (DeFi);Derivatives;Perpetuals;Avalanche Ecosystem;Arbitrum Ecosystem,2025-07-11T04:58:35.314286+00:00
gnosis,Gnosis,gno,Decentralized Exchange (DEX);Smart Contract Platform;Decentralized Finance (DeFi);Prediction Markets;Layer 1 (L1);Gnosis Chain Ecosystem;MEV Protection;Arbitrum Ecosystem;Ethereum Ecosystem;SideChain;Energi Ecosystem,2025-07-11T04:58:35.927556+00:00
goatseus-maximus,Goatseus Maximus,goat,Solana Ecosystem;Meme;Solana Meme;AI Meme;Pump.fun Ecosystem;Terminal of Truths;Binance Alpha Spotlight,2025-07-11T04:58:36.540295+00:00
gohome,GOHOME,gohome,Solana Ecosystem;Meme,2025-07-11T04:58:37.058283+00:00
golem,Golem,glm,Artificial Intelligence (AI);Ethereum Ecosystem;DePIN;Energi Ecosystem;GMCI DePIN Index;GMCI Index,2025-07-11T04:58:37.632850+00:00
grass,Grass,grass,Artificial Intelligence (AI);Solana Ecosystem;DePIN;Polychain Capital Portfolio,2025-07-11T04:58:38.167065+00:00
harmony,Harmony,one,Smart Contract Platform;Layer 1 (L1);Harmony Ecosystem;Animoca Brands Portfolio;Binance Launchpad;YZi Labs (Prev. Binance Labs) Portfolio;Made in USA,2025-07-11T04:58:38.721783+00:00
hashkey-ecopoints,HashKey Platform Token,hsk,Exchange-based Tokens;Centralized Exchange (CEX) Token;Ethereum Ecosystem,2025-07-11T04:58:39.864531+00:00
havven,Synthetix Network,snx,Decentralized Exchange (DEX);Exchange-based Tokens;Decentralized Finance (DeFi);Yield Farming;Derivatives;Synthetic Issuer;Avalanche Ecosystem;Polygon Ecosystem;Near Protocol Ecosystem;Fantom Ecosystem;Harmony Ecosystem;Ethereum Ecosystem;Optimism Ecosystem;Base Ecosystem;DWF Labs Portfolio;Paradigm Portfolio;Coinbase Ventures Portfolio;Index Coop Defi Index;Energi Ecosystem;Huobi ECO Chain Ecosystem;GMCI DeFi Index;Synthetic;GMCI Index;Coinbase 50 Index,2025-07-11T04:58:40.966401+00:00
hedera-hashgraph,Hedera,hbar,Smart Contract Platform;Layer 1 (L1);Hedera Ecosystem;GMCI Layer 1 Index;GMCI 30 Index;GMCI Index;Outlier Ventures Portfolio;Made in USA;Directed Acyclic Graph (DAG),2025-07-11T04:58:42.000473+00:00
helium,Helium,hnt,Communication;Internet of Things (IOT);Smart Contract Platform;Solana Ecosystem;DePIN;Multicoin Capital Portfolio;Proof of Stake (PoS);Alameda Research Portfolio;Pantera Capital Portfolio;Andreessen Horowitz (a16z) Portfolio;Made in USA;Coinbase 50 Index,2025-07-11T04:58:42.582038+00:00
hive,Hive,hive,Smart Contract Platform;SocialFi;Layer 1 (L1);Gaming Blockchains,2025-07-11T04:58:43.641258+00:00
holotoken,Holo,hot,Smart Contract Platform;Storage;Harmony Ecosystem;Arbitrum Ecosystem;Ethereum Ecosystem;DePIN;Base Ecosystem;Energi Ecosystem;Sora Ecosystem;GMCI DePIN Index;GMCI Index,2025-07-11T04:58:44.221904+00:00
humanity,Humanity,h,Infrastructure;Smart Contract Platform;Ethereum Ecosystem;Zero Knowledge (ZK);Privacy Blockchain;Binance Alpha Spotlight,2025-07-11T04:58:44.769281+00:00
hyperlane,Hyperlane,hyper,Infrastructure;BNB Chain Ecosystem;Arbitrum Ecosystem;Ethereum Ecosystem;Optimism Ecosystem;Interoperability;Base Ecosystem;Cross-chain Communication;Binance HODLer Airdrops;Binance Wallet IDO,2025-07-11T04:58:45.348439+00:00
hyperliquid,Hyperliquid,hype,Decentralized Exchange (DEX);Smart Contract Platform;Decentralized Finance (DeFi);Perpetuals;Layer 1 (L1);Hyperliquid Ecosystem,2025-07-11T04:58:45.916507+00:00
icon,ICON,icx,Smart Contract Platform;Cross-chain Communication;Pantera Capital Portfolio,2025-07-11T04:58:46.575750+00:00
ignition-fbtc,Function ƒBTC,fbtc,Crypto-Backed Tokens;BNB Chain Ecosystem;Arbitrum Ecosystem;Ethereum Ecosystem;Mantle Ecosystem,2025-07-11T04:58:47.325790+00:00
illuvium,Illuvium,ilv,Gaming (GameFi);NFT;Metaverse;Play To Earn;Ethereum Ecosystem;Animoca Brands Portfolio;RPG;Gaming Governance Token;Adventure Games;Energi Ecosystem;Delphi Ventures Portfolio,2025-07-11T04:58:47.886084+00:00
immutable-x,Immutable,imx,Smart Contract Platform;Gaming (GameFi);NFT;Play To Earn;Ethereum Ecosystem;Layer 2 (L2);Zero Knowledge (ZK);Animoca Brands Portfolio;Immutable zkEVM Ecosystem;Coinbase Ventures Portfolio;Rollup;Gaming Blockchains;GMCI 30 Index;GMCI Index;Gaming Marketplace;Coinbase 50 Index,2025-07-11T04:58:48.416667+00:00
impossible-cloud-network-token,Impossible Cloud Network Token,icnt,Ethereum Ecosystem;DePIN;Base Ecosystem;Binance Alpha Spotlight,2025-07-11T04:58:48.964423+00:00
incrypt,Incrypt,inc,Gaming (GameFi);Solana Ecosystem,2025-07-11T04:58:49.546561+00:00
injective-protocol,Injective,inj,Smart Contract Platform;Decentralized Finance (DeFi);BNB Chain Ecosystem;Cosmos Ecosystem;Layer 1 (L1);Ethereum Ecosystem;Real World Assets (RWA);Binance Launchpad;Osmosis Ecosystem;Proof of Stake (PoS);Pantera Capital Portfolio;Secret Ecosystem;GMCI Layer 1 Index;GMCI Index;Made in USA;Coinbase 50 Index,2025-07-11T04:58:51.284232+00:00
instadapp,Fluid,fluid,Decentralized Finance (DeFi);Polygon Ecosystem;Arbitrum Ecosystem;Ethereum Ecosystem;Base Ecosystem;Coinbase Ventures Portfolio;Pantera Capital Portfolio,2025-07-11T04:58:51.831671+00:00
internet-computer,Internet Computer,icp,Artificial Intelligence (AI);Infrastructure;Smart Contract Platform;Layer 1 (L1);Internet Computer Ecosystem;Alleged SEC Securities;Multicoin Capital Portfolio;Layer 0 (L0);Andreessen Horowitz (a16z) Portfolio;GMCI Layer 1 Index;GMCI 30 Index;Blockchain Capital Portfolio;GMCI Index;Polychain Capital Portfolio;Coinbase 50 Index,2025-07-11T04:58:52.361653+00:00
io,io.net,io,Artificial Intelligence (AI);Internet of Things (IOT);Binance Launchpool;Solana Ecosystem;DePIN;Animoca Brands Portfolio;Multicoin Capital Portfolio;Delphi Ventures Portfolio;OKX Ventures Portfolio;Made in USA,2025-07-11T04:58:52.927413+00:00
iostoken,IOST,iost,Smart Contract Platform;Proof of Stake (PoS);Sequoia Capital Portfolio,2025-07-11T04:58:53.474926+00:00
iota,IOTA,iota,Infrastructure;Smart Contract Platform;Decentralized Finance (DeFi);Layer 1 (L1);DePIN;DWF Labs Portfolio;Proof of Stake (PoS);IOTA EVM Ecosystem;Outlier Ventures Portfolio;Directed Acyclic Graph (DAG),2025-07-11T04:58:53.982689+00:00
iotex,IoTeX,iotx,Internet of Things (IOT);Ethereum Ecosystem;DePIN;Base Ecosystem;Account Abstraction;GMCI DePIN Index;GMCI Index;Made in USA,2025-07-11T04:58:54.562176+00:00
jasmycoin,JasmyCoin,jasmy,Internet of Things (IOT);Ethereum Ecosystem;DePIN;DWF Labs Portfolio;Coinbase 50 Index,2025-07-11T04:58:55.163368+00:00
jito-governance-token,Jito,jto,Decentralized Finance (DeFi);Solana Ecosystem;Liquid Staking Governance Tokens;Multicoin Capital Portfolio;Alameda Research Portfolio;Delphi Ventures Portfolio;Liquid Staking;Made in USA,2025-07-11T04:58:55.689166+00:00
jupiter-exchange-solana,Jupiter,jup,Decentralized Exchange (DEX);Decentralized Finance (DeFi);Solana Ecosystem;GMCI DeFi Index;Dex Aggregator;GMCI Index;Made in USA,2025-07-11T04:58:57.118783+00:00
jupiter-perpetuals-liquidity-provider-token,Jupiter Perpetuals Liquidity Provider Token,jlp,Decentralized Finance (DeFi);LP Tokens;Solana Ecosystem,2025-07-11T04:58:57.738546+00:00
just,JUST,jst,Decentralized Finance (DeFi);Tron Ecosystem,2025-07-11T04:58:58.861911+00:00
kadena,Kadena,kda,Smart Contract Platform;Layer 1 (L1);Kadena Ecosystem;Multicoin Capital Portfolio;Proof of Work (PoW);Made in USA,2025-07-11T04:58:59.478639+00:00
kaia,Kaia,kaia,Smart Contract Platform;Layer 1 (L1),2025-07-11T04:59:00.027093+00:00
kaito,KAITO,kaito,Artificial Intelligence (AI);Analytics;Base Ecosystem;Binance HODLer Airdrops;InfoFi,2025-07-11T04:59:00.559878+00:00
kamino,Kamino,kmno,Decentralized Finance (DeFi);Lending/Borrowing Protocols;Solana Ecosystem;Binance Alpha Spotlight,2025-07-11T04:59:01.103513+00:00
kaspa,Kaspa,kas,Smart Contract Platform;Layer 1 (L1);Proof of Work (PoW);Kaspa Ecosystem;Made in USA;Directed Acyclic Graph (DAG),2025-07-11T04:59:01.732918+00:00
kava,Kava,kava,Smart Contract Platform;Layer 1 (L1);Binance Launchpad;DWF Labs Portfolio;Osmosis Ecosystem;YZi Labs (Prev. Binance Labs) Portfolio;Made in USA,2025-07-11T04:59:02.384015+00:00
ket,Ket,ket,Avalanche Ecosystem;Meme;Cat-Themed;Made in USA,2025-07-11T04:59:05.252669+00:00
kucoin-shares,KuCoin,kcs,Exchange-based Tokens;Centralized Exchange (CEX) Token;Circle Ventures Portfolio,2025-07-11T04:59:07.243011+00:00
kusama,Kusama,ksm,Smart Contract Platform;Polkadot Ecosystem;Proof of Stake (PoS);Pantera Capital Portfolio;Made in USA;Coinbase 50 Index;Hydration Ecosystem,2025-07-11T04:59:07.769653+00:00
lagrange,Lagrange,la,Artificial Intelligence (AI);Ethereum Ecosystem;Zero Knowledge (ZK);Binance HODLer Airdrops;Binance Alpha Spotlight,2025-07-11T04:59:09.613904+00:00
layerzero,LayerZero,zro,Smart Contract Platform;BNB Chain Ecosystem;Avalanche Ecosystem;Polygon Ecosystem;Arbitrum Ecosystem;Ethereum Ecosystem;Optimism Ecosystem;Base Ecosystem;Multicoin Capital Portfolio;Layer 0 (L0);Cross-chain Communication;Circle Ventures Portfolio;Sequoia Capital Portfolio;OKX Ventures Portfolio,2025-07-11T04:59:10.164689+00:00
lcx,LCX,lcx,Exchange-based Tokens;Decentralized Finance (DeFi);Centralized Exchange (CEX) Token;Ethereum Ecosystem;Real World Assets (RWA);Alleged SEC Securities,2025-07-11T04:59:10.845513+00:00
legacy-token,Legacy Token,lgct,Education;Gaming (GameFi);BNB Chain Ecosystem;Base Ecosystem,2025-07-11T04:59:11.514237+00:00
leo-token,LEO Token,leo,Exchange-based Tokens;Centralized Exchange (CEX) Token;Ethereum Ecosystem;Sora Ecosystem,2025-07-11T04:59:12.059743+00:00
lido-dao,Lido DAO,ldo,Infrastructure;Decentralized Finance (DeFi);Polygon Ecosystem;Arbitrum Ecosystem;Ethereum Ecosystem;Optimism Ecosystem;Liquid Staking Governance Tokens;eGirl Capital Portfolio;Paradigm Portfolio;Coinbase Ventures Portfolio;Multicoin Capital Portfolio;Index Coop Defi Index;Alameda Research Portfolio;DragonFly Capital Portfolio;Andreessen Horowitz (a16z) Portfolio;GMCI DeFi Index;Delphi Ventures Portfolio;Liquid Staking;GMCI Index;Coinbase 50 Index,2025-07-11T04:59:13.716702+00:00
liquity,Liquity,lqty,Decentralized Finance (DeFi);Lending/Borrowing Protocols;Arbitrum Ecosystem;Ethereum Ecosystem;Alameda Research Portfolio;Pantera Capital Portfolio,2025-07-11T04:59:15.659486+00:00
litecoin,Litecoin,ltc,Smart Contract Platform;Layer 1 (L1);Proof of Work (PoW);GMCI 30 Index;GMCI Index;Made in USA;Coinbase 50 Index,2025-07-11T04:59:16.224964+00:00
livepeer,Livepeer,lpt,Artificial Intelligence (AI);Harmony Ecosystem;Arbitrum Ecosystem;Ethereum Ecosystem;DePIN;Coinbase Ventures Portfolio;Multicoin Capital Portfolio;Pantera Capital Portfolio;GMCI DePIN Index;GMCI Index;Coinbase 50 Index,2025-07-11T04:59:16.837746+00:00
loopring,Loopring,lrc,Decentralized Exchange (DEX);Smart Contract Platform;Exchange-based Tokens;Decentralized Finance (DeFi);Arbitrum Ecosystem;Ethereum Ecosystem;Layer 2 (L2);Zero Knowledge (ZK);Loopring Ecosystem;Rollup;Energi Ecosystem,2025-07-11T04:59:17.954426+00:00
mag7-ssi,MAG7.ssi,mag7.ssi,Decentralized Finance (DeFi);Analytics;DeFi Index;Base Ecosystem,2025-07-11T04:59:19.085236+00:00
magic,Treasure,magic,Artificial Intelligence (AI);Gaming (GameFi);NFT;Metaverse;Arbitrum Ecosystem;Ethereum Ecosystem;Layer 2 (L2);Zero Knowledge (ZK);Gaming Blockchains;Gaming Governance Token;Gaming Utility Token;AI Agents;AI Agent Launchpad,2025-07-11T04:59:20.268626+00:00
magic-eden,Magic Eden,me,NFT;Solana Ecosystem;NFT Marketplace;Paradigm Portfolio;Sequoia Capital Portfolio,2025-07-11T04:59:20.878297+00:00
manta-network,Manta Network,manta,Smart Contract Platform;Polkadot Ecosystem;Binance Launchpool;Layer 2 (L2);Manta Network Ecosystem;Multicoin Capital Portfolio;Alameda Research Portfolio;DeFiance Capital Portfolio;YZi Labs (Prev. Binance Labs) Portfolio,2025-07-11T06:21:34.773745+00:00
mantle,Mantle,mnt,Smart Contract Platform;Ethereum Ecosystem;Layer 2 (L2);Mantle Ecosystem;DWF Labs Portfolio;DragonFly Capital Portfolio;GMCI Layer 2 Index;GMCI 30 Index;GMCI Index;World Liberty Financial Portfolio,2025-07-11T04:59:21.445430+00:00
mantra-dao,MANTRA,om,Infrastructure;Smart Contract Platform;BNB Chain Ecosystem;Cosmos Ecosystem;Layer 1 (L1);Polygon Ecosystem;Ethereum Ecosystem;Real World Assets (RWA);Base Ecosystem;Osmosis Ecosystem;Mantra Ecosystem,2025-07-11T04:59:23.786846+00:00
mask-network,Mask Network,mask,BNB Chain Ecosystem;Polygon Ecosystem;Ethereum Ecosystem;Animoca Brands Portfolio;DWF Labs Portfolio;Alameda Research Portfolio;Energi Ecosystem;YZi Labs (Prev. Binance Labs) Portfolio,2025-07-11T04:59:24.421295+00:00
matic-network,Polygon,matic,Smart Contract Platform;BNB Chain Ecosystem;Polygon Ecosystem;Harmony Ecosystem;Moonriver Ecosystem;Moonbeam Ecosystem;Ethereum Ecosystem;Layer 2 (L2);Zero Knowledge (ZK);Animoca Brands Portfolio;Alleged SEC Securities;Binance Launchpad;FTX Holdings;Coinbase Ventures Portfolio;Rollup;Proof of Stake (PoS);Alameda Research Portfolio;DragonFly Capital Portfolio;Energi Ecosystem;Sora Ecosystem;YZi Labs (Prev. Binance Labs) Portfolio;GMCI Layer 2 Index;GMCI 30 Index;Galaxy Digital Portfolio;GMCI Index;Coinbase 50 Index,2025-07-11T04:59:24.977487+00:00
melania-meme,Melania Meme,melania,Solana Ecosystem;Meme;Solana Meme;PolitiFi;Made in USA,2025-07-11T04:59:25.713201+00:00
memecoin-2,Memecoin,meme,NFT;Binance Launchpool;Meme;Ethereum Ecosystem;YZi Labs (Prev. Binance Labs) Portfolio;GMCI Meme Index;GMCI Index,2025-07-11T06:21:34.299947+00:00
memecore,MemeCore,m,Smart Contract Platform;BNB Chain Ecosystem;Layer 1 (L1);Meme;Binance Alpha Spotlight,2025-07-11T04:59:26.282840+00:00
metal-blockchain,Metal Blockchain,metal,Ethereum Ecosystem;DWF Labs Portfolio;Made in USA,2025-07-11T04:59:26.818258+00:00
metaplex,Metaplex,mplx,Gaming (GameFi);NFT;BNB Chain Ecosystem;Solana Ecosystem;Launchpad;Animoca Brands Portfolio;FTX Holdings;Multicoin Capital Portfolio;Alameda Research Portfolio;Binance Alpha Spotlight,2025-07-11T04:59:27.414449+00:00
metis-token,Metis,metis,Smart Contract Platform;Ethereum Ecosystem;Metis Ecosystem;Layer 2 (L2);DWF Labs Portfolio;Rollup;GMCI Layer 2 Index;OKX Ventures Portfolio;GMCI Index,2025-07-11T04:59:28.090226+00:00
mimbogamegroup,MimboGameGroup,mgg,BNB Chain Ecosystem;Meme,2025-07-11T04:59:28.660890+00:00
mina-protocol,Mina Protocol,mina,Smart Contract Platform;Layer 1 (L1);Zero Knowledge (ZK);FTX Holdings;Paradigm Portfolio;Coinbase Ventures Portfolio;Multicoin Capital Portfolio;Proof of Stake (PoS);Pantera Capital Portfolio;Circle Ventures Portfolio;Privacy Blockchain;Polychain Capital Portfolio;Made in USA;Coinbase 50 Index,2025-07-11T04:59:29.228762+00:00
mocaverse,Moca Network,moca,Gaming (GameFi);Ethereum Ecosystem;Decentralized Identifier (DID);Animoca Brands Portfolio;Base Ecosystem;OKX Ventures Portfolio;Outlier Ventures Portfolio,2025-07-11T04:59:29.889297+00:00
mog-coin,Mog Coin,mog,Meme;Ethereum Ecosystem;Base Ecosystem;Cat-Themed;Murad Picks;4chan-Themed,2025-07-11T04:59:30.505340+00:00
monero,Monero,xmr,Smart Contract Platform;Privacy;Layer 1 (L1);Proof of Work (PoW);Galaxy Digital Portfolio,2025-07-11T04:59:31.117519+00:00
moo-deng,Moo Deng,moodeng,Solana Ecosystem;Meme;Solana Meme;Pump.fun Ecosystem;Zoo-Themed;Binance Alpha Spotlight;TikTok Meme,2025-07-11T04:59:32.167020+00:00
moonwell-artemis,Moonwell,well,Decentralized Finance (DeFi);Lending/Borrowing Protocols;Moonbeam Ecosystem;Base Ecosystem;Coinbase Ventures Portfolio;Made in USA,2025-07-11T04:59:32.756903+00:00
mori-coin,MORI COIN,mori,Meme;Solana Meme,2025-07-11T04:59:33.317006+00:00
morpho,Morpho,morpho,Decentralized Finance (DeFi);Lending/Borrowing Protocols;Ethereum Ecosystem;Base Ecosystem;Coinbase Ventures Portfolio;Pantera Capital Portfolio;Morpho Ecosystem;Binance Alpha Spotlight,2025-07-11T04:59:34.415033+00:00
movement,Movement,move,Smart Contract Platform;Ethereum Ecosystem;Layer 2 (L2);Zero Knowledge (ZK);YZi Labs (Prev. Binance Labs) Portfolio;OKX Ventures Portfolio;Binance HODLer Airdrops;World Liberty Financial Portfolio;Made in USA;Movement Ecosystem,2025-07-11T04:59:35.068150+00:00
mx-token,MX,mx,Exchange-based Tokens;Centralized Exchange (CEX) Token;Ethereum Ecosystem;Morph L2 Ecosystem,2025-07-11T04:59:36.239293+00:00
nano,Nano,xno,Layer 1 (L1);Payment Solutions;Made in USA;Directed Acyclic Graph (DAG),2025-07-11T04:59:36.862434+00:00
near,NEAR Protocol,near,Artificial Intelligence (AI);Smart Contract Platform;Layer 1 (L1);Near Protocol Ecosystem;Ethereum Ecosystem;Alleged SEC Securities;FTX Holdings;Data Availability;Coinbase Ventures Portfolio;Multicoin Capital Portfolio;Proof of Stake (PoS);Alameda Research Portfolio;DragonFly Capital Portfolio;Pantera Capital Portfolio;Andreessen Horowitz (a16z) Portfolio;GMCI Layer 1 Index;GMCI 30 Index;Circle Ventures Portfolio;GMCI Index;Made in USA;Coinbase 50 Index;Chain Abstraction,2025-07-11T04:59:37.432164+00:00
neiro-3,Neiro,neiro,Meme;Ethereum Ecosystem;Dog-Themed,2025-07-11T04:59:37.963774+00:00
neiro-on-eth,Neiro on ETH,neiro,Meme;Ethereum Ecosystem;Dog-Themed,2025-07-11T04:59:38.594240+00:00
neo,NEO,neo,Smart Contract Platform;Proof of Stake (PoS);Made in China,2025-07-11T04:59:39.300767+00:00
nervos-network,Nervos Network,ckb,Smart Contract Platform;Interoperability;Layer 2 (L2);Rollup;Multicoin Capital Portfolio;Proof of Work (PoW);DragonFly Capital Portfolio;Sequoia Capital Portfolio;Blockchain Capital Portfolio;Polychain Capital Portfolio;Made in China,2025-07-11T04:59:39.862390+00:00
newton-project,AB,ab,BNB Chain Ecosystem;Binance Alpha Spotlight,2025-07-11T04:59:40.497511+00:00
nexo,NEXO,nexo,Polygon Ecosystem;Fantom Ecosystem;Ethereum Ecosystem;Alleged SEC Securities;Energi Ecosystem;Sora Ecosystem,2025-07-11T04:59:41.088994+00:00
nexusmind,NexusMind,nmd,SocialFi;BNB Chain Ecosystem,2025-07-11T04:59:41.769586+00:00
nkyc-token,NKYC Token,nkyc,Exchange-based Tokens;BNB Chain Ecosystem;Centralized Exchange (CEX) Token,2025-07-11T04:59:42.326733+00:00
non-playable-coin,Non-Playable Coin,npc,NFT;BNB Chain Ecosystem;Solana Ecosystem;Meme;Ethereum Ecosystem;Base Ecosystem;Hybrid Token Standards;Wojak-Themed;4chan-Themed,2025-07-11T04:59:44.023186+00:00
notcoin,Notcoin,not,Gaming (GameFi);Binance Launchpool;Meme;Play To Earn;TON Ecosystem;TON Meme;Tap to Earn,2025-07-11T04:59:44.635415+00:00
nxm,Nexus Mutual,nxm,Decentralized Finance (DeFi);Insurance;Ethereum Ecosystem,2025-07-11T04:59:45.178001+00:00
oasis-network,Oasis,rose,Smart Contract Platform;BNB Chain Ecosystem;Layer 1 (L1);Proof of Stake (PoS);Pantera Capital Portfolio;Andreessen Horowitz (a16z) Portfolio;YZi Labs (Prev. Binance Labs) Portfolio;Blockchain Capital Portfolio;Privacy Blockchain;Polychain Capital Portfolio;Coinbase 50 Index,2025-07-11T04:59:45.733993+00:00
official-trump,Official Trump,trump,Solana Ecosystem;Meme;Solana Meme;PolitiFi;Made in USA,2025-07-11T04:59:46.277236+00:00
okb,OKB,okb,Exchange-based Tokens;Centralized Exchange (CEX) Token;Ethereum Ecosystem;Sora Ecosystem;OKT Chain Ecosystem;GMCI 30 Index;GMCI Index;Made in China,2025-07-11T04:59:46.954719+00:00
olympus,Olympus,ohm,Crypto-Backed Tokens;Decentralized Finance (DeFi);Rebase Tokens;Arbitrum Ecosystem;Ethereum Ecosystem;Berachain Ecosystem,2025-07-11T04:59:48.057363+00:00
omni-network,Omni Network,omni,Smart Contract Platform;Binance Launchpool;Layer 1 (L1);Interoperability;Cross-chain Communication;Pantera Capital Portfolio;Made in USA,2025-07-11T06:21:38.980364+00:00
ondo-finance,Ondo,ondo,Decentralized Finance (DeFi);Ethereum Ecosystem;Real World Assets (RWA);Coinbase Ventures Portfolio;Pantera Capital Portfolio;GMCI DeFi Index;RWA Protocol;GMCI Index;World Liberty Financial Portfolio;Binance Alpha Spotlight;Made in USA,2025-07-11T04:59:48.628107+00:00
onfa,ONFA,oft,Software as a service;BNB Chain Ecosystem,2025-07-11T04:59:49.840544+00:00
ontology,Ontology,ont,Smart Contract Platform;Masternodes;Proof of Stake (PoS);Made in China,2025-07-11T04:59:50.388427+00:00
optimism,Optimism,op,Smart Contract Platform;Optimism Ecosystem;Layer 2 (L2);Paradigm Portfolio;Rollup;Andreessen Horowitz (a16z) Portfolio;GMCI Layer 2 Index;GMCI Index;Optimism Superchain Ecosystem;Made in USA,2025-07-11T04:59:52.320582+00:00
orbs,Orbs,orbs,Infrastructure;Smart Contract Platform;Decentralized Finance (DeFi);BNB Chain Ecosystem;Avalanche Ecosystem;Polygon Ecosystem;Fantom Ecosystem;Harmony Ecosystem;Arbitrum Ecosystem;Ethereum Ecosystem;DWF Labs Portfolio;Layer 3 (L3);Outlier Ventures Portfolio,2025-07-11T04:59:53.440042+00:00
orca,Orca,orca,Decentralized Exchange (DEX);Decentralized Finance (DeFi);Yield Farming;Automated Market Maker (AMM);Solana Ecosystem;Coinbase Ventures Portfolio;DeFiance Capital Portfolio;Made in USA,2025-07-11T04:59:53.993837+00:00
ordinals,ORDI,ordi,Solana Ecosystem;BRC-20;Bitcoin Ecosystem;Inscriptions,2025-07-11T04:59:54.569055+00:00
origintrail,OriginTrail,trac,Artificial Intelligence (AI);Polkadot Ecosystem;Metaverse;Ethereum Ecosystem;Interoperability;Real World Assets (RWA);DePIN;Decentralized Science (DeSci);AI Agents,2025-07-11T04:59:55.696036+00:00
osmosis,Osmosis,osmo,Decentralized Exchange (DEX);Decentralized Finance (DeFi);Automated Market Maker (AMM);Cosmos Ecosystem;Osmosis Ecosystem;Paradigm Portfolio;Proof of Stake (PoS);Evmos Ecosystem;Secret Ecosystem;GMCI DeFi Index;GMCI Index;Made in USA,2025-07-11T04:59:56.236299+00:00
ozone-chain,Ozone Chain,ozo,Smart Contract Platform;Layer 1 (L1);Zero Knowledge (ZK),2025-07-11T04:59:57.504146+00:00
paal-ai,PAAL AI,paal,Artificial Intelligence (AI);Virtual Reality;BNB Chain Ecosystem;Launchpad;Ethereum Ecosystem;Telegram Apps;Discord Bots;Base Ecosystem;PAAL AI Launchpad;AI Agents;AI Applications;AI Agent Launchpad;Binance Alpha Spotlight;AI Framework;DeFAI;Made in USA,2025-07-11T04:59:58.156318+00:00
pancakeswap-token,PancakeSwap,cake,Decentralized Exchange (DEX);Exchange-based Tokens;Decentralized Finance (DeFi);Yield Farming;Automated Market Maker (AMM);BNB Chain Ecosystem;Arbitrum Ecosystem;Ethereum Ecosystem;Aptos Ecosystem;ZkSync Ecosystem;Linea Ecosystem;Base Ecosystem;Polygon zkEVM Ecosystem;YZi Labs (Prev. Binance Labs) Portfolio;opBNB Ecosystem;GMCI DeFi Index;GMCI Index,2025-07-11T04:59:58.780164+00:00
pay-coin,Paycoin,pci,E-commerce,2025-07-11T04:59:59.892764+00:00
peanut-the-squirrel,Peanut the Squirrel,pnut,Solana Ecosystem;Meme;Solana Meme;Pump.fun Ecosystem;Zoo-Themed;Memorial Themed,2025-07-11T05:00:01.066847+00:00
pendle,Pendle,pendle,Decentralized Exchange (DEX);Decentralized Finance (DeFi);Yield Farming;Automated Market Maker (AMM);BNB Chain Ecosystem;Derivatives;Lending/Borrowing Protocols;Arbitrum Ecosystem;Ethereum Ecosystem;Optimism Ecosystem;Fixed Interest;LSDFi;Base Ecosystem;Restaking;LRTfi;Liquid Restaking Governance Tokens;Yield Tokenization Protocol;YZi Labs (Prev. Binance Labs) Portfolio;GMCI DeFi Index;Sonic Ecosystem;Liquid Staking;GMCI Index;BTCfi Protocol,2025-07-11T05:00:01.737902+00:00
pepe,Pepe,pepe,BNB Chain Ecosystem;Meme;Arbitrum Ecosystem;Ethereum Ecosystem;Frog-Themed;GMCI Meme Index;GMCI Index;The Boy’s Club;4chan-Themed,2025-07-11T05:00:05.907019+00:00
pi-network,Pi Network,pi,Layer 1 (L1);Made in USA;Mobile Mining,2025-07-11T05:00:06.431207+00:00
plume,Plume,plume,Smart Contract Platform;Layer 1 (L1);Ethereum Ecosystem;Real World Assets (RWA);RWA Protocol;Made in USA;Plume Network Ecosystem,2025-07-11T05:00:06.960705+00:00
polkadot,Polkadot,dot,Smart Contract Platform;Polkadot Ecosystem;Proof of Stake (PoS);Layer 0 (L0);Pantera Capital Portfolio;GMCI 30 Index;GMCI Index;Made in USA;Coinbase 50 Index,2025-07-11T05:00:08.066426+00:00
polygon-ecosystem-token,POL (ex-MATIC),pol,Smart Contract Platform;Polygon Ecosystem;Ethereum Ecosystem;Layer 2 (L2),2025-07-11T05:00:10.065796+00:00
polymesh,Polymesh,polyx,Smart Contract Platform;Layer 1 (L1);Real World Assets (RWA);RWA Protocol,2025-07-11T05:00:11.843875+00:00
popcat,Popcat,popcat,Solana Ecosystem;Meme;Solana Meme;Cat-Themed;Murad Picks,2025-07-11T05:00:12.549073+00:00
project-galaxy,GAL (migrated to Gravity - G),gal,Smart Contract Platform;SocialFi;NFT;BNB Chain Ecosystem;Binance Launchpool;Ethereum Ecosystem;Decentralized Identifier (DID);Zero Knowledge (ZK);DWF Labs Portfolio;Coinbase Ventures Portfolio;Multicoin Capital Portfolio;Alameda Research Portfolio;DragonFly Capital Portfolio;YZi Labs (Prev. Binance Labs) Portfolio;Quest-to-Earn,2025-07-11T05:00:13.126611+00:00
prometeus,Prom,prom,Smart Contract Platform;BNB Chain Ecosystem;Ethereum Ecosystem;Layer 2 (L2),2025-07-11T05:00:13.674512+00:00
proton,XPR Network,xpr,Smart Contract Platform;BNB Chain Ecosystem;Ethereum Ecosystem;DWF Labs Portfolio;Made in USA,2025-07-11T05:00:14.245771+00:00
pudgy-penguins,Pudgy Penguins,pengu,Solana Ecosystem;Meme;Solana Meme;Binance HODLer Airdrops;Airdropped Tokens by NFT Projects;Made in USA,2025-07-11T05:00:14.820074+00:00
purr-2,Purr,purr,Meme;Cat-Themed;Hyperliquid Ecosystem;HyperEVM Ecosystem,2025-07-11T05:00:16.176773+00:00
pyth-network,Pyth Network,pyth,Business Services;Infrastructure;Decentralized Finance (DeFi);Oracle;Solana Ecosystem;Neon Ecosystem;Manta Network Ecosystem;Multicoin Capital Portfolio;GMCI DeFi Index;Delphi Ventures Portfolio;GMCI Index,2025-07-11T05:00:16.698687+00:00
qtum,Qtum,qtum,Smart Contract Platform;Proof of Stake (PoS);Made in China,2025-07-11T05:00:17.249958+00:00
quant-network,Quant,qnt,Ethereum Ecosystem;Real World Assets (RWA);Energi Ecosystem;Coinbase 50 Index,2025-07-11T05:00:17.811609+00:00
qubic-network,Qubic,qubic,Artificial Intelligence (AI);Smart Contract Platform;Layer 1 (L1);Proof of Work (PoW),2025-07-11T05:00:18.959669+00:00
quq,Quq,quq,BNB Chain Ecosystem;Meme;Four.meme Ecosystem,2025-07-11T05:00:19.553667+00:00
ravencoin,Ravencoin,rvn,Smart Contract Platform;Real World Assets (RWA);Proof of Work (PoW);Made in USA,2025-07-11T05:00:20.685130+00:00
raydium,Raydium,ray,Decentralized Exchange (DEX);Decentralized Finance (DeFi);Yield Farming;Automated Market Maker (AMM);Solana Ecosystem;Launchpad;GMCI DeFi Index;GMCI Index,2025-07-11T05:00:21.219074+00:00
reallink,RealLink,real,Tron Ecosystem,2025-07-11T05:00:21.878389+00:00
rekt-4,Rekt,rekt,BNB Chain Ecosystem;Solana Ecosystem;Meme;Ethereum Ecosystem;Binance Alpha Spotlight;Abstract Ecosystem,2025-07-11T05:00:22.919849+00:00
render-token,Render,render,Artificial Intelligence (AI);NFT;Metaverse;Solana Ecosystem;Polygon Ecosystem;Ethereum Ecosystem;DePIN;Multicoin Capital Portfolio;Alameda Research Portfolio;GMCI DePIN Index;GMCI 30 Index;GMCI Index;Made in USA;Coinbase 50 Index,2025-07-11T05:00:23.547530+00:00
request-network,Request,req,Business Services;Polygon Ecosystem;Ethereum Ecosystem,2025-07-11T05:00:24.702339+00:00
reserve-protocol-eth-plus,ETHPlus,eth+,Arbitrum Ecosystem;Ethereum Ecosystem,2025-07-11T05:00:25.262812+00:00
reserve-rights-token,Reserve Rights,rsr,Decentralized Finance (DeFi);Arbitrum Ecosystem;Ethereum Ecosystem;Real World Assets (RWA);Base Ecosystem;Coinbase Ventures Portfolio;Energi Ecosystem;Made in USA,2025-07-11T05:00:25.906492+00:00
resolv-rlp,Resolv RLP,rlp,LP Tokens;Ethereum Ecosystem,2025-07-11T05:00:26.504340+00:00
ripple,XRP,xrp,FTX Holdings;Pantera Capital Portfolio;Andreessen Horowitz (a16z) Portfolio;XRP Ledger Ecosystem;GMCI 30 Index;Blockchain Capital Portfolio;GMCI Index;Made in USA;Coinbase 50 Index,2025-07-11T05:00:29.288333+00:00
rocket-pool,Rocket Pool,rpl,Business Services;Infrastructure;Smart Contract Platform;Decentralized Finance (DeFi);Polygon Ecosystem;Arbitrum Ecosystem;Ethereum Ecosystem;Liquid Staking Governance Tokens;Coinbase Ventures Portfolio;Proof of Stake (PoS);Index Coop Defi Index;Consensys Portfolio;Liquid Staking,2025-07-11T05:00:30.376478+00:00
rollbit-coin,Rollbit Coin,rlb,Gambling (GambleFi);Gaming (GameFi);Ethereum Ecosystem,2025-07-11T05:00:31.476896+00:00
ronin,Ronin,ron,Smart Contract Platform;Gaming (GameFi);NFT;Layer 1 (L1);Play To Earn;Zero Knowledge (ZK);FTX Holdings;Ronin Ecosystem;Gaming Blockchains;SideChain;Andreessen Horowitz (a16z) Portfolio;YZi Labs (Prev. Binance Labs) Portfolio,2025-07-11T05:00:32.096935+00:00
safe,Safe,safe,Infrastructure;Wallets;Gnosis Chain Ecosystem;Ethereum Ecosystem,2025-07-11T05:00:32.642658+00:00
safepal,SafePal,sfp,BNB Chain Ecosystem;Wallets;Ethereum Ecosystem;Animoca Brands Portfolio;Binance Launchpad;Energi Ecosystem;YZi Labs (Prev. Binance Labs) Portfolio,2025-07-11T05:00:33.318597+00:00
sahara-ai,Sahara AI,sahara,Artificial Intelligence (AI);BNB Chain Ecosystem;Ethereum Ecosystem,2025-07-11T05:00:33.864661+00:00
saros-finance,Saros,saros,Solana Ecosystem;Payment Solutions;Viction Ecosystem,2025-07-11T05:00:34.430808+00:00
sats-ordinals,SATS (Ordinals),sats,BRC-20;Bitcoin Ecosystem;Inscriptions,2025-07-11T05:00:34.980234+00:00
sbtc-2,sBTC,sbtc,Smart Contract Platform;Bitcoin Sidechains;Stacks Ecosystem;SideChain,2025-07-11T05:00:36.259503+00:00
sei-network,Sei,sei,Smart Contract Platform;Decentralized Finance (DeFi);Layer 1 (L1);Parallelized EVM;Coinbase Ventures Portfolio;Multicoin Capital Portfolio;GMCI Layer 1 Index;Delphi Ventures Portfolio;Circle Ventures Portfolio;OKX Ventures Portfolio;GMCI Index;Sei Network Ecosystem;World Liberty Financial Portfolio;Made in USA,2025-07-11T05:00:36.799151+00:00
seraph,Seraph,seraph,Gaming (GameFi);BNB Chain Ecosystem;Play To Earn;Ethereum Ecosystem;RPG;Gaming Utility Token;Action Games,2025-07-11T05:00:37.417875+00:00
shiba-inu,Shiba Inu,shib,Meme;Ethereum Ecosystem;Animoca Brands Portfolio;Dog-Themed;GMCI Meme Index;GMCI 30 Index;GMCI Index;Coinbase 50 Index,2025-07-11T05:00:38.079846+00:00
siacoin,Siacoin,sc,Smart Contract Platform;Storage;DePIN;Paradigm Portfolio;Proof of Work (PoW);DragonFly Capital Portfolio;Made in USA,2025-07-11T05:00:38.703358+00:00
singularitynet,SingularityNET,agix,Artificial Intelligence (AI);Cardano Ecosystem;Ethereum Ecosystem;AI Agents;Sora Ecosystem,2025-07-11T05:00:39.268826+00:00
six,Six Sigma,six,Gambling (GambleFi);Solana Ecosystem,2025-07-11T05:00:40.151969+00:00
skale,SKALE,skl,Smart Contract Platform;Gaming (GameFi);Layer 1 (L1);Ethereum Ecosystem;Modular Blockchain;Account Abstraction;Multicoin Capital Portfolio;Gaming Blockchains;Gaming Utility Token;Skale Ecosystem;Consensys Portfolio;Galaxy Digital Portfolio;Made in USA,2025-07-11T05:00:40.751183+00:00
sky,Sky,sky,Decentralized Finance (DeFi);Ethereum Ecosystem;Hydration Ecosystem,2025-07-11T05:00:41.297078+00:00
snek,Snek,snek,Meme;Cardano Ecosystem,2025-07-11T05:00:42.387361+00:00
solana,Solana,sol,Smart Contract Platform;Solana Ecosystem;Layer 1 (L1);Alleged SEC Securities;FTX Holdings;Multicoin Capital Portfolio;Proof of Stake (PoS);Alameda Research Portfolio;Andreessen Horowitz (a16z) Portfolio;GMCI Layer 1 Index;GMCI 30 Index;Delphi Ventures Portfolio;GMCI Index;Polychain Capital Portfolio;Made in USA;Coinbase 50 Index,2025-07-11T05:00:42.937784+00:00
solo-coin,Sologenic,solo,Decentralized Exchange (DEX);Decentralized Finance (DeFi);BNB Chain Ecosystem;Wallets;XRP Ledger Ecosystem,2025-07-11T05:00:45.307903+00:00
solv-btc,Solv Protocol BTC,solvbtc,Crypto-Backed Tokens;BNB Chain Ecosystem;Solana Ecosystem;Avalanche Ecosystem;Polygon Ecosystem;Arbitrum Ecosystem;Ethereum Ecosystem;ZkSync Ecosystem;Mantle Ecosystem;Base Ecosystem;Berachain Ecosystem;Merlin Chain Ecosystem;Mode Ecosystem;Rootstock Ecosystem;Sonic Ecosystem;Sei Network Ecosystem;Ink Ecosystem;Soneium Ecosystem;HyperEVM Ecosystem;Corn Ecosystem,2025-07-11T05:00:45.972155+00:00
solv-protocol-solvbtc-jupiter,Solv Protocol SolvBTC Jupiter,solvbtc.jup,BNB Chain Ecosystem;Solana Ecosystem;Soneium Ecosystem,2025-07-11T05:00:47.189834+00:00
sonic-3,Sonic,s,Smart Contract Platform;Layer 1 (L1);Galaxy Digital Portfolio;Sonic Ecosystem,2025-07-11T05:00:47.818333+00:00
sophon,Sophon,soph,Smart Contract Platform;BNB Chain Ecosystem;Polygon Ecosystem;Arbitrum Ecosystem;Layer 2 (L2);Base Ecosystem;Binance HODLer Airdrops;Binance Alpha Spotlight,2025-07-11T05:00:48.434797+00:00
space-nation-oikos,Space Nation Oikos,oik,Gaming (GameFi);NFT;BNB Chain Ecosystem;Immutable zkEVM Ecosystem;RPG;MMO,2025-07-11T05:00:49.052685+00:00
spx6900,SPX6900,spx,Solana Ecosystem;Meme;Ethereum Ecosystem;Base Ecosystem;Bridged-Tokens;Murad Picks;Stock market-themed;4chan-Themed,2025-07-11T05:00:50.188371+00:00
stargate-finance,Stargate Finance,stg,Decentralized Finance (DeFi);Yield Farming;BNB Chain Ecosystem;Avalanche Ecosystem;Polygon Ecosystem;Fantom Ecosystem;Arbitrum Ecosystem;Ethereum Ecosystem;Optimism Ecosystem;Linea Ecosystem;Bridge Governance Tokens;Base Ecosystem;FTX Holdings,2025-07-11T05:00:53.550397+00:00
starknet,Starknet,strk,Infrastructure;Smart Contract Platform;Ethereum Ecosystem;Layer 2 (L2);Zero Knowledge (ZK);Starknet Ecosystem;Paradigm Portfolio;Coinbase Ventures Portfolio;Rollup;Multicoin Capital Portfolio;Alameda Research Portfolio;Pantera Capital Portfolio;GMCI Layer 2 Index;Consensys Portfolio;Sequoia Capital Portfolio;GMCI Index;Polychain Capital Portfolio,2025-07-11T05:00:54.122869+00:00
status,Status,snt,Software as a service;Ethereum Ecosystem;Energi Ecosystem,2025-07-11T05:00:55.211384+00:00
steakhouse-usdc-morpho-vault,Steakhouse USDC Morpho Vault,steakusdc,Decentralized Finance (DeFi);Ethereum Ecosystem;Morpho Ecosystem,2025-07-11T05:00:56.416002+00:00
stellar,Stellar,xlm,Smart Contract Platform;Real World Assets (RWA);Stellar Ecosystem;GMCI 30 Index;GMCI Index;Made in USA;Coinbase 50 Index,2025-07-11T05:00:57.547032+00:00
stepn,GMT,gmt,Gaming (GameFi);NFT;BNB Chain Ecosystem;Solana Ecosystem;Polygon Ecosystem;Play To Earn;Move To Earn;Ethereum Ecosystem;Binance Launchpad;Gaming Governance Token;Sports Games;Alameda Research Portfolio;YZi Labs (Prev. Binance Labs) Portfolio;Sequoia Capital Portfolio,2025-07-11T05:00:58.083318+00:00
story-2,Story,ip,Artificial Intelligence (AI);Smart Contract Platform;Layer 1 (L1);Made in USA;Story Ecosystem,2025-07-11T05:00:59.236231+00:00
stp-network,AWE Network,awe,Artificial Intelligence (AI);Infrastructure;Decentralized Finance (DeFi);Derivatives;Synthetic Issuer;Base Ecosystem;AI Agents;Synthetic;AI Agent Launchpad,2025-07-11T05:00:59.991476+00:00
stratis,Stratis,strax,Smart Contract Platform;Proof of Stake (PoS),2025-07-11T05:01:00.539397+00:00
subsquid,SQD,sqd,Artificial Intelligence (AI);Big Data;Analytics;BNB Chain Ecosystem;Arbitrum Ecosystem;Base Ecosystem,2025-07-11T05:01:01.122308+00:00
sui,Sui,sui,Smart Contract Platform;Binance Launchpool;Layer 1 (L1);Sui Ecosystem;Coinbase Ventures Portfolio;Andreessen Horowitz (a16z) Portfolio;YZi Labs (Prev. Binance Labs) Portfolio;GMCI Layer 1 Index;Circle Ventures Portfolio;GMCI Index;Made in USA,2025-07-11T05:01:01.742535+00:00
sun-token,Sun Token,sun,Decentralized Finance (DeFi);Tron Ecosystem,2025-07-11T05:01:03.755832+00:00
superfarm,SuperVerse,super,Gaming (GameFi);NFT;Collectibles;Polygon Ecosystem;Ethereum Ecosystem;Animoca Brands Portfolio;Gaming Blockchains;Made in USA,2025-07-11T05:01:05.449009+00:00
sushi,Sushi,sushi,Decentralized Exchange (DEX);Exchange-based Tokens;Decentralized Finance (DeFi);Yield Farming;Automated Market Maker (AMM);BNB Chain Ecosystem;Yearn Ecosystem;Solana Ecosystem;Avalanche Ecosystem;Polygon Ecosystem;Near Protocol Ecosystem;Fantom Ecosystem;Harmony Ecosystem;Arbitrum Ecosystem;Celo Ecosystem;Ethereum Ecosystem;Base Ecosystem;Alameda Research Portfolio;Pantera Capital Portfolio;Energi Ecosystem;Sora Ecosystem;Blockchain Capital Portfolio,2025-07-11T05:01:07.222806+00:00
swftcoin,SWFTCOIN,swftc,Exchange-based Tokens;NFT;BNB Chain Ecosystem;Ethereum Ecosystem,2025-07-11T05:01:08.911403+00:00
swipe,Solar,sxp,BNB Chain Ecosystem;Harmony Ecosystem;Ethereum Ecosystem;Alameda Research Portfolio;YZi Labs (Prev. Binance Labs) Portfolio,2025-07-11T05:01:10.021135+00:00
swissborg,SwissBorg,borg,Solana Ecosystem;Ethereum Ecosystem;Energi Ecosystem;CeFi,2025-07-11T05:01:10.652301+00:00
swop-2,Swop,swop,SocialFi;Solana Ecosystem;Decentralized Identifier (DID);Payment Solutions,2025-07-11T05:01:11.191975+00:00
syrup,Maple Finance,syrup,Decentralized Finance (DeFi);Yield Farming;Lending/Borrowing Protocols;Ethereum Ecosystem;Real World Assets (RWA);Base Ecosystem;Binance Alpha Spotlight,2025-07-11T05:01:11.733325+00:00
tdccp,TDCCP,tdccp,Solana Ecosystem;Meme;Solana Meme,2025-07-11T05:01:13.545010+00:00
telcoin,Telcoin,tel,Decentralized Finance (DeFi);Wallets;Polygon Ecosystem;Arbitrum Ecosystem;Ethereum Ecosystem;Payment Solutions;Base Ecosystem;Made in USA,2025-07-11T05:01:14.119991+00:00
tellor,Tellor Tributes,trb,Business Services;Decentralized Finance (DeFi);Oracle;Polygon Ecosystem;Gnosis Chain Ecosystem;Arbitrum Ecosystem;Ethereum Ecosystem;Optimism Ecosystem;Manta Network Ecosystem;YZi Labs (Prev. Binance Labs) Portfolio;Lisk Ecosystem;Made in USA,2025-07-11T05:01:14.748471+00:00
terra-luna,Terra Luna Classic,lunc,Smart Contract Platform;Decentralized Finance (DeFi);Coinbase Ventures Portfolio;DeFiance Capital Portfolio;Pantera Capital Portfolio;YZi Labs (Prev. Binance Labs) Portfolio;Galaxy Digital Portfolio,2025-07-11T05:01:15.284941+00:00
terra-luna-2,Terra,luna,Alleged SEC Securities;Osmosis Ecosystem;DeFiance Capital Portfolio;Pantera Capital Portfolio;YZi Labs (Prev. Binance Labs) Portfolio;Delphi Ventures Portfolio;Galaxy Digital Portfolio;OKX Ventures Portfolio,2025-07-11T05:01:15.851845+00:00
tezos,Tezos,xtz,Smart Contract Platform;Layer 1 (L1);Tezos Ecosystem;Proof of Stake (PoS);GMCI Layer 1 Index;GMCI Index;Polychain Capital Portfolio;Made in USA;Coinbase 50 Index,2025-07-11T05:01:17.003433+00:00
the-graph,The Graph,grt,Artificial Intelligence (AI);Business Services;Infrastructure;Smart Contract Platform;Analytics;Avalanche Ecosystem;Polygon Ecosystem;Near Protocol Ecosystem;Harmony Ecosystem;Arbitrum Ecosystem;Ethereum Ecosystem;DePIN;Coinbase Ventures Portfolio;Multicoin Capital Portfolio;Proof of Stake (PoS);Energi Ecosystem;Sora Ecosystem;Made in USA;Coinbase 50 Index,2025-07-11T05:01:17.615170+00:00
the-grays-currency,The Grays Currency,ptgc,Meme;PulseChain Ecosystem,2025-07-11T05:01:18.146997+00:00
the-open-network,Toncoin,ton,Smart Contract Platform;BNB Chain Ecosystem;Layer 1 (L1);Ethereum Ecosystem;Animoca Brands Portfolio;Alleged SEC Securities;DWF Labs Portfolio;TON Ecosystem;Proof of Stake (PoS);Pantera Capital Portfolio;GMCI Layer 1 Index;GMCI 30 Index;GMCI Index,2025-07-11T05:01:18.751951+00:00
the-sandbox,The Sandbox,sand,Gaming (GameFi);NFT;Metaverse;Polygon Ecosystem;Play To Earn;Harmony Ecosystem;Ethereum Ecosystem;Animoca Brands Portfolio;Alleged SEC Securities;Binance Launchpad;Gaming Utility Token;Simulation Games;Energi Ecosystem;YZi Labs (Prev. Binance Labs) Portfolio;Coinbase 50 Index,2025-07-11T05:01:19.339409+00:00
theta-fuel,Theta Fuel,tfuel,Smart Contract Platform;DePIN;Proof of Stake (PoS);Made in USA,2025-07-11T05:01:19.935927+00:00
theta-token,Theta Network,theta,Smart Contract Platform;Layer 1 (L1);DePIN;Theta Ecosystem;Blockchain Capital Portfolio;Made in USA,2025-07-11T05:01:20.511495+00:00
thorchain,THORChain,rune,Decentralized Exchange (DEX);Infrastructure;Smart Contract Platform;Exchange-based Tokens;Decentralized Finance (DeFi);Bridge Governance Tokens;Multicoin Capital Portfolio;Proof of Stake (PoS);Delphi Ventures Portfolio,2025-07-11T05:01:21.074044+00:00
threshold-network-token,Threshold Network,t,Decentralized Finance (DeFi);Solana Ecosystem;Ethereum Ecosystem;Optimism Ecosystem;Base Ecosystem;Cross-chain Communication;BTCfi Protocol,2025-07-11T05:01:21.772644+00:00
tokenize-xchange,Tokenize Xchange,tkx,Exchange-based Tokens;Centralized Exchange (CEX) Token;Ethereum Ecosystem;Titanchain Ecosystem,2025-07-11T05:01:22.344780+00:00
toshi,Toshi,toshi,Launchpad;Meme;Base Ecosystem;Cat-Themed;Base Meme,2025-07-11T05:01:22.936456+00:00
tradable-na-rent-financing-platform-sstn,Tradable NA Rent Financing Platform SSTN,pc0000031,ZkSync Ecosystem;Real World Assets (RWA);Tradable Ecosystem,2025-07-11T05:01:23.498718+00:00
tradable-singapore-fintech-ssl-2,Tradable Singapore Fintech SSL,pc0000023,ZkSync Ecosystem;Real World Assets (RWA);Tradable Ecosystem,2025-07-11T05:01:24.101694+00:00
trip,Trip,trip,Tourism;BNB Chain Ecosystem,2025-07-11T05:01:25.880546+00:00
tron,TRON,trx,Smart Contract Platform;Layer 1 (L1);Alleged SEC Securities;FTX Holdings;DWF Labs Portfolio;Tron Ecosystem;Proof of Stake (PoS);GMCI Layer 1 Index;GMCI 30 Index;GMCI Index;World Liberty Financial Portfolio;Made in China,2025-07-11T05:01:26.436062+00:00
trust-wallet-token,Trust Wallet,twt,BNB Chain Ecosystem;Wallets;Account Abstraction;Energi Ecosystem,2025-07-11T05:01:27.583071+00:00
turbo,Turbo,turbo,Meme;Ethereum Ecosystem;Frog-Themed;AI Meme,2025-07-11T05:01:28.133998+00:00
uma,UMA,uma,Business Services;Decentralized Finance (DeFi);Oracle;Derivatives;Synthetic Issuer;Avalanche Ecosystem;Ethereum Ecosystem;Blockchain Capital Portfolio;Synthetic;Made in USA,2025-07-11T05:01:28.728600+00:00
undeads-games,Undeads Games,uds,Gaming (GameFi);NFT;Ethereum Ecosystem,2025-07-11T05:01:29.261593+00:00
uniswap,Uniswap,uni,Decentralized Exchange (DEX);Exchange-based Tokens;Decentralized Finance (DeFi);Yield Farming;Automated Market Maker (AMM);BNB Chain Ecosystem;Avalanche Ecosystem;Polygon Ecosystem;Near Protocol Ecosystem;Gnosis Chain Ecosystem;Harmony Ecosystem;Arbitrum Ecosystem;Ethereum Ecosystem;Optimism Ecosystem;Paradigm Portfolio;Coinbase Ventures Portfolio;Index Coop Defi Index;Andreessen Horowitz (a16z) Portfolio;Energi Ecosystem;Sora Ecosystem;Huobi ECO Chain Ecosystem;GMCI DeFi Index;GMCI 30 Index;Blockchain Capital Portfolio;GMCI Index;Polychain Capital Portfolio;Made in USA;Unichain Ecosystem;Coinbase 50 Index,2025-07-11T05:01:30.352636+00:00
unit-00-rei,Rei,rei,Artificial Intelligence (AI);Base Ecosystem;AI Applications;AI Agent Launchpad;AI Framework,2025-07-11T05:01:31.454527+00:00
useless-3,Useless Coin,useless,Solana Ecosystem;Meme;Solana Meme;LetsBONK.fun Ecosystem,2025-07-11T05:01:39.088955+00:00
uxlink,UXLINK,uxlink,SocialFi;Arbitrum Ecosystem,2025-07-11T05:01:40.257733+00:00
vana,Vana,vana,Artificial Intelligence (AI);Smart Contract Platform;Layer 1 (L1);Paradigm Portfolio;Coinbase Ventures Portfolio;DeFiance Capital Portfolio;Polychain Capital Portfolio;Vana Ecosystem,2025-07-11T05:01:40.859913+00:00
vaulta,Vaulta,a,Layer 1 (L1);World Liberty Financial Portfolio,2025-07-11T05:01:41.513611+00:00
vechain,VeChain,vet,Internet of Things (IOT);Smart Contract Platform;Layer 1 (L1);VeChain Ecosystem;Made in China,2025-07-11T05:01:42.213404+00:00
velo,Velo,velo,Decentralized Finance (DeFi);BNB Chain Ecosystem;Real World Assets (RWA);DWF Labs Portfolio;Stellar Ecosystem;Binance Alpha Spotlight,2025-07-11T05:01:42.793423+00:00
venice-token,Venice Token,vvv,Artificial Intelligence (AI);Base Ecosystem;AI Agents;AI Applications;Made in USA,2025-07-11T05:01:43.349636+00:00
venom,Venom,venom,Infrastructure;Smart Contract Platform;Venom Ecosystem,2025-07-11T05:01:43.934253+00:00
venus,Venus,xvs,Decentralized Finance (DeFi);Yield Farming;BNB Chain Ecosystem;Binance Launchpool;Lending/Borrowing Protocols;Arbitrum Ecosystem;Ethereum Ecosystem;Optimism Ecosystem;ZkSync Ecosystem;opBNB Ecosystem;Unichain Ecosystem,2025-07-11T05:01:44.545191+00:00
verasity,Verasity,vra,Entertainment;Wallets;Ethereum Ecosystem,2025-07-11T05:01:45.110369+00:00
verge,Verge,xvg,Smart Contract Platform;Privacy;Proof of Work (PoW);Made in USA,2025-07-11T05:01:45.676729+00:00
verus-coin,Verus,vrsc,Smart Contract Platform;Layer 1 (L1);MEV Protection;Proof of Work (PoW);Privacy Blockchain;Mobile Mining,2025-07-11T05:01:46.245154+00:00
vethor-token,VeThor,vtho,Layer 1 (L1);VeChain Ecosystem,2025-07-11T05:01:47.363221+00:00
vicicoin,ViciCoin,vcnt,BNB Chain Ecosystem;Avalanche Ecosystem;Polygon Ecosystem;Arbitrum Ecosystem;Ethereum Ecosystem;Optimism Ecosystem;Base Ecosystem,2025-07-11T05:01:47.918422+00:00
virtual-protocol,Virtuals Protocol,virtual,Artificial Intelligence (AI);Solana Ecosystem;Ethereum Ecosystem;Base Ecosystem;AI Agents;Virtuals Protocol Ecosystem;AI Agent Launchpad;Binance Alpha Spotlight,2025-07-11T05:01:48.471963+00:00
vvs-finance,VVS Finance,vvs,Decentralized Exchange (DEX);Decentralized Finance (DeFi);Automated Market Maker (AMM);Ethereum Ecosystem;Cronos Ecosystem,2025-07-11T05:01:49.022723+00:00
walrus-2,Walrus,wal,Infrastructure;Storage;Sui Ecosystem,2025-07-11T05:01:49.587935+00:00
waves,Waves,waves,Smart Contract Platform;DWF Labs Portfolio;Proof of Stake (PoS),2025-07-11T05:01:50.792806+00:00
wemix-token,WEMIX,wemix,Smart Contract Platform;Gaming (GameFi);NFT;Layer 1 (L1);Play To Earn;Gaming Blockchains;WEMIX Ecosystem,2025-07-11T05:01:52.024703+00:00
whitebit,WhiteBIT Coin,wbt,Exchange-based Tokens;Centralized Exchange (CEX) Token;Ethereum Ecosystem;Tron Ecosystem,2025-07-11T05:01:53.188479+00:00
woo-network,WOO,woo,Decentralized Exchange (DEX);Exchange-based Tokens;Decentralized Finance (DeFi);Automated Market Maker (AMM);BNB Chain Ecosystem;Derivatives;Perpetuals;Centralized Exchange (CEX) Token;Solana Ecosystem;Avalanche Ecosystem;Polygon Ecosystem;Near Protocol Ecosystem;Fantom Ecosystem;Arbitrum Ecosystem;Ethereum Ecosystem;ZkSync Ecosystem;Mantle Ecosystem;Linea Ecosystem;Base Ecosystem;DragonFly Capital Portfolio;YZi Labs (Prev. Binance Labs) Portfolio,2025-07-11T05:01:54.287415+00:00
world-mobile-token,World Mobile Token,wmtx,BNB Chain Ecosystem;Arbitrum Ecosystem;Cardano Ecosystem;Ethereum Ecosystem;DePIN;Base Ecosystem;DWF Labs Portfolio,2025-07-11T05:01:54.829293+00:00
worldcoin-wld,Worldcoin,wld,Smart Contract Platform;Ethereum Ecosystem;Decentralized Identifier (DID);Optimism Ecosystem;Coinbase Ventures Portfolio;Multicoin Capital Portfolio;Andreessen Horowitz (a16z) Portfolio;Blockchain Capital Portfolio;Optimism Superchain Ecosystem;World Chain Ecosystem;Made in USA,2025-07-11T05:01:55.388834+00:00
wormhole,Wormhole,w,Solana Ecosystem;Arbitrum Ecosystem;Ethereum Ecosystem;Interoperability;Base Ecosystem;Multicoin Capital Portfolio;Cross-chain Communication;Made in USA,2025-07-11T05:01:56.016440+00:00
xdce-crowd-sale,XDC Network,xdc,Smart Contract Platform;Layer 1 (L1);Real World Assets (RWA),2025-07-11T05:02:03.219741+00:00
xyo-network,XYO Network,xyo,Internet of Things (IOT);Oracle;NFT;Metaverse;Ethereum Ecosystem;DePIN;Alleged SEC Securities;Made in USA,2025-07-11T05:02:03.764238+00:00
yearn-finance,yearn.finance,yfi,Decentralized Finance (DeFi);Yield Farming;Yield Aggregator;Yearn Ecosystem;Avalanche Ecosystem;Polygon Ecosystem;Near Protocol Ecosystem;Gnosis Chain Ecosystem;Fantom Ecosystem;Harmony Ecosystem;Arbitrum Ecosystem;Ethereum Ecosystem;Optimism Ecosystem;Base Ecosystem;Index Coop Defi Index;Alameda Research Portfolio;Energi Ecosystem;Sora Ecosystem;Huobi ECO Chain Ecosystem;Blockchain Capital Portfolio,2025-07-11T05:02:04.924019+00:00
yield-guild-games,Yield Guild Games,ygg,Gaming (GameFi);NFT;BNB Chain Ecosystem;Metaverse;Collectibles;Polygon Ecosystem;Play To Earn;Harmony Ecosystem;Guild and Scholarship;Ethereum Ecosystem;Animoca Brands Portfolio;Base Ecosystem;DWF Labs Portfolio;Ronin Ecosystem;Gaming Governance Token;Andreessen Horowitz (a16z) Portfolio;Delphi Ventures Portfolio;Abstract Ecosystem,2025-07-11T06:21:36.196514+00:00
zano,Zano,zano,Smart Contract Platform;Privacy;Layer 1 (L1);Proof of Stake (PoS);Proof of Work (PoW);Zano Ecosystem;Privacy Blockchain,2025-07-11T05:02:05.482694+00:00
zcash,Zcash,zec,Smart Contract Platform;Privacy;Layer 1 (L1);Zero Knowledge (ZK);Proof of Work (PoW);Pantera Capital Portfolio;Made in USA;Coinbase 50 Index,2025-07-11T05:02:06.244137+00:00
zebec-network,Zebec Network,zbcn,Decentralized Finance (DeFi);Solana Ecosystem;Real World Assets (RWA);Payment Solutions;DePIN;Coinbase Ventures Portfolio;Alameda Research Portfolio;Circle Ventures Portfolio;OKX Ventures Portfolio;RWA Protocol;Made in USA,2025-07-11T05:02:06.779721+00:00
zelcash,Flux,flux,Artificial Intelligence (AI);Smart Contract Platform;Masternodes;DePIN;Proof of Work (PoW);Made in USA,2025-07-11T06:21:36.672329+00:00
zencash,Horizen,zen,Smart Contract Platform;Masternodes;Zero Knowledge (ZK);Proof of Work (PoW);Made in USA,2025-07-11T05:02:07.307981+00:00
zetachain,ZetaChain,zeta,Smart Contract Platform;BNB Chain Ecosystem;Layer 1 (L1);Ethereum Ecosystem;ZetaChain Ecosystem;Cross-chain Communication;Made in USA;Chain Abstraction,2025-07-11T05:02:07.893337+00:00
zignaly,ZIGChain,zig,Artificial Intelligence (AI);Smart Contract Platform;BNB Chain Ecosystem;Solana Ecosystem;Layer 1 (L1);Polygon Ecosystem;Ethereum Ecosystem;DWF Labs Portfolio;Injective Ecosystem;OKX Ventures Portfolio,2025-07-11T05:02:08.426885+00:00
zilliqa,Zilliqa,zil,Smart Contract Platform;BNB Chain Ecosystem;GMCI Layer 1 Index;GMCI Index;Made in China,2025-07-11T05:02:09.492569+00:00
zksync,ZKsync,zk,Smart Contract Platform;Layer 2 (L2);Zero Knowledge (ZK);ZkSync Ecosystem;Consensys Portfolio;Blockchain Capital Portfolio;OKX Ventures Portfolio,2025-07-11T05:02:10.386460+00:00
