coin_id,last_updated
0x0-ai-ai-smart-contract,2025-07-14
aave,2025-07-14
0x,2025-07-14
aave-usdc-sonic,2025-07-14
1inch,2025-07-14
a-hunters-dream,2025-07-14
acala,2025-07-14
acet-token,2025-07-14
advertise-coin,2025-07-14
access-protocol,2025-07-14
adventure-gold,2025-07-14
aergo,2025-07-14
across-protocol,2025-07-14
aelf,2025-07-14
ai-analysis-token,2025-07-14
aerodrome-finance,2025-07-14
act-i-the-ai-prophecy,2025-07-14
agentfun-ai,2025-07-14
agi-alpha-agent,2025-07-14
ai-companions,2025-07-14
aioz-network,2025-07-14
abtc,2025-07-14
agora-dollar,2025-07-14
airtor-protocol,2025-07-14
ai16z,2025-07-14
aevo-exchange,2025-07-14
akash-network,2025-07-14
alephium,2025-07-14
alethea-artificial-liquid-intelligence-token,2025-07-14
alchemy-pay,2025-07-14
algorand,2025-07-14
altlayer,2025-07-14
alien-worlds,2025-07-14
alpha-quark-token,2025-07-14
amnis-aptos,2025-07-14
amp-token,2025-07-14
ampleforth-governance-token,2025-07-14
ampleforth,2025-07-14
altcoin-2,2025-07-14
alchemist-ai,2025-07-14
aintivirus,2025-07-14
anime,2025-07-14
ankr,2025-07-14
aleo,2025-07-14
ankreth,2025-07-14
ancient8,2025-07-14
apecoin,2025-07-14
apenft,2025-07-14
aixbt,2025-07-14
ai-rig-complex,2025-07-14
andy-the-wisguy,2025-07-14
apollox-2,2025-07-14
api3,2025-07-14
aptos,2025-07-14
aquarius,2025-07-14
arbitrum,2025-07-14
arcblock,2025-07-14
ardor,2025-07-14
ark,2025-07-14
arkham,2025-07-14
astar,2025-07-14
arweave,2025-07-14
aethir,2025-07-14
ao-computer,2025-07-14
auction,2025-07-14
audius,2025-07-14
astherus-staked-usdf,2025-07-14
anzen-usdz,2025-07-14
aurora-near,2025-07-14
astherus-staked-bnb,2025-07-14
arbitrum-bridged-weth-arbitrum-one,2025-07-14
automata,2025-07-14
arbitrum-bridged-wbtc-arbitrum-one,2025-07-14
autonolas,2025-07-14
avalanche-2,2025-07-14
anvil,2025-07-14
apu-s-club,2025-07-14
astherus-usdf,2025-07-14
austin-capitals,2025-07-14
axelar,2025-07-14
axie-infinity,2025-07-14
axondao-governance-token,2025-07-14
aura-on-sol,2025-07-14
baby-doge-coin,2025-07-14
auki-labs,2025-07-14
ava-ai,2025-07-14
balancer,2025-07-14
avalanche-bridged-weth-avalanche,2025-07-14
banana-gun,2025-07-14
bancor,2025-07-14
band-protocol,2025-07-14
avail,2025-07-14
based-brett,2025-07-14
apollo-diversified-credit-securitize-fund,2025-07-14
basic-attention-token,2025-07-14
avant-staked-usd,2025-07-14
beam-2,2025-07-14
avant-usd,2025-07-14
babylon,2025-07-14
babyboomtoken,2025-07-14
beldex,2025-07-14
bankercoin-2,2025-07-14
benqi,2025-07-14
benqi-liquid-staked-avax,2025-07-14
b3,2025-07-14
banana-for-scale-2,2025-07-14
biconomy,2025-07-14
bifrost,2025-07-14
bc-token,2025-07-14
big-time,2025-07-14
bedrock-btc,2025-07-14
binance-bridged-usdc-bnb-smart-chain,2025-07-14
binance-bridged-usdt-bnb-smart-chain,2025-07-14
binance-peg-avalanche,2025-07-14
binance-peg-busd,2025-07-14
bedrock-token,2025-07-14
binance-peg-dogecoin,2025-07-14
ben-pasternak,2025-07-14
berachain-bera,2025-07-14
bertram-the-pomeranian,2025-07-14
binance-usd,2025-07-14
binancecoin,2025-07-14
avalanche-old-bridged-wbtc-avalanche,2025-07-14
bit2me,2025-07-14
bitcoin,2025-07-14
bitcoin-avalanche-bridged-btc-b,2025-07-14
bitcoin-cash,2025-07-14
bitcoin-cash-sv,2025-07-14
big-dog-fink,2025-07-14
bitget-token,2025-07-14
bitkub-coin,2025-07-14
bitmart-token,2025-07-14
bitmex-token,2025-07-14
bittensor,2025-07-14
bittorrent,2025-07-14
bim-2,2025-07-14
binance-peg-dai,2025-07-14
blockchain-capital,2025-07-14
blockstack,2025-07-14
blockv,2025-07-14
blur,2025-07-14
bnb48-club-token,2025-07-14
boba-network,2025-07-14
bobo-coin,2025-07-14
bone-shibaswap,2025-07-14
bonfida,2025-07-14
based-fartcoin,2025-07-14
bonk,2025-07-14
binance-peg-sol,2025-07-14
bora,2025-07-14
binance-peg-weth,2025-07-14
bridged-tether-opbnb,2025-07-14
bridged-usd-coin-optimism,2025-07-14
bridged-usd-coin-starkgate,2025-07-14
bridged-usdc-polygon-pos-bridge,2025-07-14
bridged-wrapped-ether-starkgate,2025-07-14
bridged-wrapped-steth-gnosis,2025-07-14
btse-token,2025-07-14
btu-protocol,2025-07-14
bucket-protocol-buck-stablecoin,2025-07-14
binance-staked-sol,2025-07-14
build-on,2025-07-14
bio-protocol,2025-07-14
bitdca,2025-07-14
cardano,2025-07-14
cargox,2025-07-14
cartesi,2025-07-14
blackrock-usd-institutional-digital-liquidity-fund,2025-07-14
casper-network,2025-07-14
blast,2025-07-14
celer-network,2025-07-14
celestia,2025-07-14
celium,2025-07-14
celo,2025-07-14
celo-dollar,2025-07-14
centrifuge,2025-07-14
certik,2025-07-14
cetus-protocol,2025-07-14
bonk-level-saviour-2,2025-07-14
chain-2,2025-07-14
beets-staked-sonic,2025-07-14
book-of-meme,2025-07-14
chain-key-bitcoin,2025-07-14
chaingpt,2025-07-14
chainlink,2025-07-14
cheems-token,2025-07-14
chex-token,2025-07-14
chia,2025-07-14
chiliz,2025-07-14
bouncebit,2025-07-14
chromaway,2025-07-14
chutes,2025-07-14
civic,2025-07-14
clearpool,2025-07-14
cobak-token,2025-07-14
coin98,2025-07-14
coinbase-wrapped-staked-eth,2025-07-14
coinex-token,2025-07-14
coinmetro,2025-07-14
bugscoin,2025-07-14
build-on-bnb,2025-07-14
bybit-staked-sol,2025-07-14
compound-ether,2025-07-14
compound-governance-token,2025-07-14
compound-usd-coin,2025-07-14
compound-wrapped-btc,2025-07-14
cat-in-a-dogs-world,2025-07-14
concierge-io,2025-07-14
carv,2025-07-14
concordium,2025-07-14
conflux-token,2025-07-14
connect-token-wct,2025-07-14
connex,2025-07-14
constellation-labs,2025-07-14
constitutiondao,2025-07-14
convex-finance,2025-07-14
cgeth-hashkey-cloud,2025-07-14
coq-inu,2025-07-14
coredaoorg,2025-07-14
coreum,2025-07-14
corgiai,2025-07-14
cosmos,2025-07-14
coti,2025-07-14
cow-protocol,2025-07-14
coinshift-usdc,2025-07-14
creditcoin-2,2025-07-14
cronos-bridged-usdc-cronos,2025-07-14
clbtc,2025-07-14
cronos-bridged-usdt-cronos,2025-07-14
coinbase-wrapped-btc,2025-07-14
crvusd,2025-07-14
crypto-com-chain,2025-07-14
coinshift-usdl-morpho-vault,2025-07-14
cudos,2025-07-14
curve-dao-token,2025-07-14
cyberconnect,2025-07-14
compounding-open-dollar,2025-07-14
dacxi,2025-07-14
dai,2025-07-14
dao-maker,2025-07-14
dash,2025-07-14
deapcoin,2025-07-14
comedian,2025-07-14
decentraland,2025-07-14
decred,2025-07-14
conscious-token,2025-07-14
creatorbid,2025-07-14
cross-2,2025-07-14
degen-base,2025-07-14
delysium,2025-07-14
dent,2025-07-14
cronos-bridged-wbtc-cronos,2025-07-14
deso,2025-07-14
devve,2025-07-14
dexe,2025-07-14
dforce-token,2025-07-14
czs-dog,2025-07-14
dia-data,2025-07-14
diamond-launch,2025-07-14
digibyte,2025-07-14
dkargo,2025-07-14
dodo,2025-07-14
dogecoin,2025-07-14
dogelon-mars,2025-07-14
doginme,2025-07-14
debridge,2025-07-14
dogwifcoin,2025-07-14
dola-usd,2025-07-14
deep,2025-07-14
degecoin,2025-07-14
dusk-network,2025-07-14
dydx-chain,2025-07-14
dymension,2025-07-14
ecash,2025-07-14
echelon-prime,2025-07-14
derive,2025-07-14
ecomi,2025-07-14
edu-coin,2025-07-14
chill-guy,2025-07-14
dog-go-to-the-moon-rune,2025-07-14
elastos,2025-07-14
drift-staked-sol,2025-07-14
drift-protocol,2025-07-14
elrond-erd-2,2025-07-14
elysia,2025-07-14
endurance,2025-07-14
energy-web-token,2025-07-14
enjincoin,2025-07-14
cookie,2025-07-14
eigenlayer,2025-07-14
eos,2025-07-14
ergo,2025-07-14
escoin-token,2025-07-14
eth0,2025-07-14
ecoin-2,2025-07-14
dogs-2,2025-07-14
ethena-usde,2025-07-14
ekubo-protocol,2025-07-14
elixir-deusd,2025-07-14
ether-fi-staked-eth,2025-07-14
ethereum,2025-07-14
ethereum-classic,2025-07-14
ethereum-name-service,2025-07-14
ethereum-pow-iou,2025-07-14
euler,2025-07-14
euro-coin,2025-07-14
elixir-staked-deusd,2025-07-14
everipedia,2025-07-14
crypto-trading-fund,2025-07-14
everybody,2025-07-14
enkryptedai,2025-07-14
entangle,2025-07-14
fasttoken,2025-07-14
defiway,2025-07-14
fetch-ai,2025-07-14
filecoin,2025-07-14
fimarkcoin-com,2025-07-14
firmachain,2025-07-14
first-digital-usd,2025-07-14
flare-networks,2025-07-14
floki,2025-07-14
flow,2025-07-14
forta,2025-07-14
ethena,2025-07-14
frax,2025-07-14
frax-ether,2025-07-14
frax-share,2025-07-14
ether-fi,2025-07-14
ether-fi-staked-btc,2025-07-14
eutbl,2025-07-14
funfair,2025-07-14
falcon-finance,2025-07-14
fartcoin,2025-07-14
f-x-protocol-fxusd,2025-07-14
gains-network,2025-07-14
gala,2025-07-14
fractal-bitcoin,2025-07-14
felix-feusd,2025-07-14
frax-usd,2025-07-14
gas,2025-07-14
gatechain-token,2025-07-14
gearbox,2025-07-14
gemini-dollar,2025-07-14
freysa-ai,2025-07-14
geodnet,2025-07-14
gho,2025-07-14
gigachad-2,2025-07-14
fuel-network,2025-07-14
fuzzybear,2025-07-14
gmt-token,2025-07-14
gmx,2025-07-14
gnosis,2025-07-14
g-token,2025-07-14
gods-unchained,2025-07-14
game-by-virtuals,2025-07-14
goldfinch,2025-07-14
golem,2025-07-14
gamebitcoin-power,2025-07-14
gradients,2025-07-14
graphite-protocol,2025-07-14
gamebuild,2025-07-14
gems-vip,2025-07-14
ethena-staked-usde,2025-07-14
global-commercial-business,2025-07-14
haedal,2025-07-14
global-dollar,2025-07-14
goatseus-maximus,2025-07-14
harrypotterobamasonic10in,2025-07-14
harmony,2025-07-14
hashflow,2025-07-14
gohome,2025-07-14
goplus-security,2025-07-14
havven,2025-07-14
hedera-hashgraph,2025-07-14
hegic,2025-07-14
helder,2025-07-14
helio-protocol-hay,2025-07-14
helium,2025-07-14
grass,2025-07-14
green,2025-07-14
hippo-protocol,2025-07-14
hive,2025-07-14
hive_dollar,2025-07-14
hivemapper,2025-07-14
holotoken,2025-07-14
home,2025-07-14
griffain,2025-07-14
hooked-protocol,2025-07-14
hosico-cat,2025-07-14
huma-finance,2025-07-14
gunz,2025-07-14
humans-ai,2025-07-14
hunt-token,2025-07-14
huobi-token,2025-07-14
hydradx,2025-07-14
hamster-kombat,2025-07-14
hashai,2025-07-14
fwog,2025-07-14
hyperlane,2025-07-14
iagon,2025-07-14
ice,2025-07-14
icon,2025-07-14
iexec-rlc,2025-07-14
hashnote-usyc,2025-07-14
illuvium,2025-07-14
honey-3,2025-07-14
immutable-x,2025-07-14
heyanon,2025-07-14
incrypt,2025-07-14
humanity,2025-07-14
hyperbeat-usdt,2025-07-14
initia,2025-07-14
hyperliquid,2025-07-14
instadapp,2025-07-14
injective-protocol,2025-07-14
internet-computer,2025-07-14
ignition-fbtc,2025-07-14
iostoken,2025-07-14
iota,2025-07-14
iotex,2025-07-14
islamic-coin,2025-07-14
jasmycoin,2025-07-14
jito-governance-token,2025-07-14
jito-staked-sol,2025-07-14
joe,2025-07-14
joe-coin,2025-07-14
jupiter-exchange-solana,2025-07-14
jupiter-perpetuals-liquidity-provider-token,2025-07-14
imagen-ai,2025-07-14
just,2025-07-14
kadena,2025-07-14
impossible-cloud-network-token,2025-07-14
infrared-bera,2025-07-14
international-meme-fund,2025-07-14
kaspa,2025-07-14
io,2025-07-14
kava,2025-07-14
keep-network,2025-07-14
kelp-dao-restaked-eth,2025-07-14
hashkey-ecopoints,2025-07-14
jupiter-staked-sol,2025-07-14
kaia,2025-07-14
kinesis-gold,2025-07-14
kinesis-silver,2025-07-14
kofi-aptos,2025-07-14
kokok-the-roach,2025-07-14
kori,2025-07-14
kucoin-shares,2025-07-14
kujira,2025-07-14
kusama,2025-07-14
kyber-network-crystal,2025-07-14
hyperbeat-ultra-hype,2025-07-14
kaito,2025-07-14
hex-trust-usdx,2025-07-14
kelp-gain,2025-07-14
keeta,2025-07-14
lagrange,2025-07-14
kyros-restaked-sol,2025-07-14
ket,2025-07-14
law-blocks,2025-07-14
kamino,2025-07-14
l2-standard-bridged-frxusd,2025-07-14
lcx,2025-07-14
league-of-kingdoms,2025-07-14
l2-standard-bridged-weth-blast,2025-07-14
leo-token,2025-07-14
l2-standard-bridged-weth-base,2025-07-14
infinitar-governance-token,2025-07-14
lido-dao,2025-07-14
keyboard-cat-base,2025-07-14
liquid-staked-ethereum,2025-07-14
l2-standard-bridged-weth-optimism,2025-07-14
liquity,2025-07-14
liquity-bold-2,2025-07-14
liquity-usd,2025-07-14
liqwid-finance,2025-07-14
lisk,2025-07-14
landwolf-0x67,2025-07-14
litecoin,2025-07-14
livepeer,2025-07-14
layerzero-bridged-weeth-swellchain,2025-07-14
layer3,2025-07-14
layerzero,2025-07-14
loopring,2025-07-14
lorenzo-protocol,2025-07-14
legacy-token,2025-07-14
m2-global-wealth-limited-mmx,2025-07-14
level-staked-usd,2025-07-14
magic,2025-07-14
lift-dollar,2025-07-14
magic-internet-money,2025-07-14
liquidlaunch,2025-07-14
mamo,2025-07-14
lofi-2,2025-07-14
manta-network,2025-07-14
mantle,2025-07-14
mantle-bridged-usde-mantle,2025-07-14
mantle-bridged-usdt-mantle,2025-07-14
lombard-staked-btc,2025-07-14
mantle-staked-ether,2025-07-14
lista,2025-07-14
mantra-dao,2025-07-14
marblex,2025-07-14
looped-hype,2025-07-14
marcopolo,2025-07-14
marinade,2025-07-14
marlin,2025-07-14
masha-and-the-bear,2025-07-14
mask-network,2025-07-14
mass-vehicle-ledger,2025-07-14
matchain,2025-07-14
matic-network,2025-07-14
maverick-protocol,2025-07-14
lorenzo-stbtc,2025-07-14
maxi-payfi-strategy-token,2025-07-14
medibloc,2025-07-14
magic-eden,2025-07-14
memecoin-2,2025-07-14
mag7-ssi,2025-07-14
magic-internet-money-runes,2025-07-14
messier,2025-07-14
metadium,2025-07-14
metal,2025-07-14
metal-blockchain,2025-07-14
metamui,2025-07-14
metaplex,2025-07-14
metfi-2,2025-07-14
metis-token,2025-07-14
milady-meme-coin,2025-07-14
milk-alliance,2025-07-14
mimbogamegroup,2025-07-14
mina-protocol,2025-07-14
mindwavedao,2025-07-14
mansory-token,2025-07-14
minswap,2025-07-14
level-usd,2025-07-14
mantle-restaked-eth,2025-07-14
mavryk-network,2025-07-14
mobox,2025-07-14
manyu-2,2025-07-14
mog-coin,2025-07-14
monero,2025-07-14
matrixdock-gold,2025-07-14
moonbeam,2025-07-14
moonriver,2025-07-14
moonwell-artemis,2025-07-14
melania-meme,2025-07-14
memecore,2025-07-14
merlin-chain,2025-07-14
mossland,2025-07-14
mountain-protocol-usdm,2025-07-14
minidoge-5,2025-07-14
moviebloc,2025-07-14
msol,2025-07-14
mister-miggles,2025-07-14
mx-token,2025-07-14
my-neighbor-alice,2025-07-14
myria,2025-07-14
miu-2,2025-07-14
mythos,2025-07-14
nano,2025-07-14
near,2025-07-14
moo-deng,2025-07-14
moonwell-flagship-eth-morpho-vault,2025-07-14
neo,2025-07-14
mori-coin,2025-07-14
nervos-network,2025-07-14
neutron-3,2025-07-14
newton-project,2025-07-14
morpho,2025-07-14
nexo,2025-07-14
mnee-usd-stablecoin,2025-07-14
nexusmind,2025-07-14
nfprompt-token,2025-07-14
nkyc-token,2025-07-14
noble-dollar-usdn,2025-07-14
nobody-sausage,2025-07-14
nodeai,2025-07-14
non-playable-coin,2025-07-14
nosana,2025-07-14
movement,2025-07-14
numeraire,2025-07-14
nusd,2025-07-14
nxm,2025-07-14
nym,2025-07-14
oasis-network,2025-07-14
oasys,2025-07-14
ocean-protocol,2025-07-14
oec-token,2025-07-14
myshell,2025-07-14
oho-blockchain,2025-07-14
okb,2025-07-14
olympus,2025-07-14
mubarak,2025-07-14
ondo-finance,2025-07-14
ondo-us-dollar-yield,2025-07-14
neiro-3,2025-07-14
ong,2025-07-14
ontology,2025-07-14
neiro-on-eth,2025-07-14
nillion,2025-07-14
optimism,2025-07-14
newton-protocol,2025-07-14
notcoin,2025-07-14
oraichain-token,2025-07-14
neuralai,2025-07-14
orbs,2025-07-14
orca,2025-07-14
orchid-protocol,2025-07-14
ordinals,2025-07-14
origin-ether,2025-07-14
origin-protocol,2025-07-14
origintrail,2025-07-14
osaka-protocol,2025-07-14
osmosis,2025-07-14
ousg,2025-07-14
ozone-chain,2025-07-14
paal-ai,2025-07-14
pancakeswap-token,2025-07-14
pangolin,2025-07-14
paraswap,2025-07-14
official-trump,2025-07-14
onfa,2025-07-14
pax-gold,2025-07-14
paxos-standard,2025-07-14
pay-coin,2025-07-14
paypal-usd,2025-07-14
onyc,2025-07-14
peapods-finance,2025-07-14
openeden-open-dollar,2025-07-14
pendle,2025-07-14
pepe,2025-07-14
pepecoin-2,2025-07-14
pepeontron,2025-07-14
pha,2025-07-14
phantom-staked-sol,2025-07-14
phoenix-global,2025-07-14
mocaverse,2025-07-14
optimism-bridged-wbtc-optimism,2025-07-14
pixels,2025-07-14
orbiter-finance,2025-07-14
plume-usd,2025-07-14
optio,2025-07-14
pocket-network,2025-07-14
polygon-bridged-usdt-polygon,2025-07-14
polkadot,2025-07-14
polygon-ecosystem-token,2025-07-14
parcl,2025-07-14
particle-network,2025-07-14
peanut-the-squirrel,2025-07-14
pi-network,2025-07-14
peaq-2,2025-07-14
polymesh,2025-07-14
polyswarm,2025-07-14
ponke,2025-07-14
popcat,2025-07-14
power-ledger,2025-07-14
project-galaxy,2025-07-14
prometeus,2025-07-14
propy,2025-07-14
proton,2025-07-14
pinlink,2025-07-14
plume,2025-07-14
polygon-hermez-bridged-usdt-x-layer,2025-07-14
polygon-bridged-wbtc-polygon-pos,2025-07-14
polygon-pos-bridged-weth-polygon-pos,2025-07-14
pundi-x-2,2025-07-14
promptale-ai,2025-07-14
pyth-network,2025-07-14
polyhedra-network,2025-07-14
qanplatform,2025-07-14
qtum,2025-07-14
quant-network,2025-07-14
pudgy-penguins,2025-07-14
quantum-resistant-ledger,2025-07-14
quark-chain,2025-07-14
qubic-network,2025-07-14
puffer-finance,2025-07-14
omni-network,2025-07-14
radiant-capital,2025-07-14
pundi-aifx,2025-07-14
radicle,2025-07-14
radix,2025-07-14
railgun,2025-07-14
ravencoin,2025-07-14
raydium,2025-07-14
reallink,2025-07-14
pumpbtc,2025-07-14
pythia,2025-07-14
render-token,2025-07-14
quantixai,2025-07-14
renzo-restaked-eth,2025-07-14
quq,2025-07-14
redstone-oracles,2025-07-14
request-network,2025-07-14
researchcoin,2025-07-14
rekt-4,2025-07-14
reserve-rights-token,2025-07-14
polygon-pos-bridged-dai-polygon-pos,2025-07-14
resolv,2025-07-14
renzo-restaked-lst,2025-07-14
renzo,2025-07-14
renzo-restaked-sol,2025-07-14
restaked-swell-eth,2025-07-14
reserve-protocol-eth-plus,2025-07-14
puff-the-dragon,2025-07-14
relend-usdc,2025-07-14
rif-token,2025-07-14
qusdt,2025-07-14
ripple,2025-07-14
purr-2,2025-07-14
resolv-wstusr,2025-07-14
rocket-pool,2025-07-14
rocket-pool-eth,2025-07-14
resolv-usr,2025-07-14
rollbit-coin,2025-07-14
ronin,2025-07-14
rss3,2025-07-14
revox,2025-07-14
rings-scbtc,2025-07-14
ripple-usd,2025-07-14
safepal,2025-07-14
reservoir-rusd,2025-07-14
sai,2025-07-14
saros-finance,2025-07-14
roam-token,2025-07-14
sats-ordinals,2025-07-14
saucerswap,2025-07-14
saasgo,2025-07-14
ronin-bridged-weth-ronin,2025-07-14
safe,2025-07-14
secret,2025-07-14
saga-2,2025-07-14
seedify-fund,2025-07-14
sei-network,2025-07-14
satoshi-stablecoin,2025-07-14
seth,2025-07-14
ribbita-by-virtuals,2025-07-14
shardus,2025-07-14
shiba-inu,2025-07-14
siacoin,2025-07-14
resolv-rlp,2025-07-14
savings-crvusd,2025-07-14
sahara-ai,2025-07-14
sign-global,2025-07-14
singularitynet,2025-07-14
skale,2025-07-14
sbtc-2,2025-07-14
scroll,2025-07-14
skyai,2025-07-14
seda-2,2025-07-14
resupply-usd,2025-07-14
smardex,2025-07-14
smooth-love-potion,2025-07-14
snek,2025-07-14
snowbank,2025-07-14
socean-staked-sol,2025-07-14
societe-generale-forge-eurcv,2025-07-14
solana,2025-07-14
siren-2,2025-07-14
ski-mask-dog,2025-07-14
sky,2025-07-14
six,2025-07-14
solidus-aitech,2025-07-14
solo-coin,2025-07-14
simon-s-cat,2025-07-14
slash-vision-labs,2025-07-14
solayer,2025-07-14
songbird,2025-07-14
shuffle-2,2025-07-14
solv-protocol-solvbtc-core,2025-07-14
solayer-staked-sol,2025-07-14
solv-btc,2025-07-14
sophon,2025-07-14
space-id,2025-07-14
solv-protocol-solvbtc-bbn,2025-07-14
solv-protocol,2025-07-14
spacen,2025-07-14
spark-2,2025-07-14
spell-token,2025-07-14
spx6900,2025-07-14
solv-protocol-solvbtc-jupiter,2025-07-14
ssv-network,2025-07-14
stader-ethx,2025-07-14
stader-maticx,2025-07-14
staked-frax,2025-07-14
staked-ether,2025-07-14
staked-frax-ether,2025-07-14
stakewise-v3-oseth,2025-07-14
standx-dusd,2025-07-14
stargate-bridged-usdc-plume,2025-07-14
stargate-finance,2025-07-14
starknet,2025-07-14
stasis-eurs,2025-07-14
status,2025-07-14
seraph,2025-07-14
steem,2025-07-14
stellar,2025-07-14
stepn,2025-07-14
storj,2025-07-14
sonic-3,2025-07-14
stp-network,2025-07-14
sosovalue,2025-07-14
stratis,2025-07-14
strike,2025-07-14
strikecoin,2025-07-14
stronghold-token,2025-07-14
spring-staked-sui,2025-07-14
space-nation-oikos,2025-07-14
spiko-us-t-bills-money-market-fund,2025-07-14
sui,2025-07-14
sui-bridged-usdt-sui,2025-07-14
steakhouse-usdc-morpho-vault,2025-07-14
sun-token,2025-07-14
staked-hype,2025-07-14
story-2,2025-07-14
superfarm,2025-07-14
superrare,2025-07-14
straitsx-xusd,2025-07-14
superwalk,2025-07-14
slerf,2025-07-14
sui-bridged-wbtc-sui,2025-07-14
sui-bridged-ether-sui,2025-07-14
sushi,2025-07-14
suilend,2025-07-14
subsquid,2025-07-14
sweth,2025-07-14
swftcoin,2025-07-14
swipe,2025-07-14
sundog,2025-07-14
swissborg,2025-07-14
sx-network-2,2025-07-14
super-oeth,2025-07-14
syscoin,2025-07-14
t-mac-dao,2025-07-14
superstate-short-duration-us-government-securities-fund-ustb,2025-07-14
sonic-svm,2025-07-14
susda,2025-07-14
targon,2025-07-14
supra,2025-07-14
tbtc,2025-07-14
tdccp,2025-07-14
telcoin,2025-07-14
tellor,2025-07-14
temple,2025-07-14
susds,2025-07-14
terra-luna,2025-07-14
terra-luna-2,2025-07-14
terrausd,2025-07-14
swop-2,2025-07-14
tether,2025-07-14
tagger,2025-07-14
tether-gold,2025-07-14
sygnum-fiusd-liquidity-fund,2025-07-14
tezos,2025-07-14
tether-rainbow-bridge,2025-07-14
thala-apt,2025-07-14
syrup,2025-07-14
the-grays-currency,2025-07-14
the-graph,2025-07-14
the-open-network,2025-07-14
the-sandbox,2025-07-14
theta-fuel,2025-07-14
thorchain,2025-07-14
theta-token,2025-07-14
threshold-network-token,2025-07-14
thunder-token,2025-07-14
token-pocket,2025-07-14
tokamak-network,2025-07-14
tokenfi,2025-07-14
tokenlon,2025-07-14
tokenize-xchange,2025-07-14
tokpie,2025-07-14
tornado-cash,2025-07-14
tomochain,2025-07-14
toshi,2025-07-14
tradable-na-rent-financing-platform-sstn,2025-07-14
tree-capital,2025-07-14
tao-bot,2025-07-14
tribe-2,2025-07-14
tars-protocol,2025-07-14
tensor,2025-07-14
tron,2025-07-14
true-usd,2025-07-14
truefi,2025-07-14
taiko,2025-07-14
trust-wallet-token,2025-07-14
turbo,2025-07-14
tokenbot-2,2025-07-14
tradable-singapore-fintech-ssl-2,2025-07-14
uma,2025-07-14
unichain-bridged-wbtc-unichain,2025-07-14
unipoly,2025-07-14
uniswap,2025-07-14
torus,2025-07-14
unity-2,2025-07-14
treehouse-eth,2025-07-14
universal-eth,2025-07-14
uquid-coin,2025-07-14
usd,2025-07-14
usd-coin,2025-07-14
usd-coin-avalanche-bridged-usdc-e,2025-07-14
usd-coin-ethereum-bridged,2025-07-14
trip,2025-07-14
syrupusdc,2025-07-14
usdb,2025-07-14
usdd,2025-07-14
trufin-staked-apt,2025-07-14
tutorial,2025-07-14
undeads-games,2025-07-14
usdx,2025-07-14
universal-btc,2025-07-14
useless-3,2025-07-14
usd1-wlfi,2025-07-14
usda-2,2025-07-14
test-3,2025-07-14
usdt0,2025-07-14
usds,2025-07-14
usdx-money-usdx,2025-07-14
vanar-chain,2025-07-14
vaneck-treasury-fund,2025-07-14
usual,2025-07-14
vaulta,2025-07-14
usual-usd,2025-07-14
vechain,2025-07-14
velo,2025-07-14
velodrome-finance,2025-07-14
uxlink,2025-07-14
vana,2025-07-14
venus,2025-07-14
veraone,2025-07-14
verasity,2025-07-14
verge,2025-07-14
verse-world,2025-07-14
verus-coin,2025-07-14
vethor-token,2025-07-14
vicicoin,2025-07-14
trufin-staked-matic,2025-07-14
virtual-protocol,2025-07-14
vvs-finance,2025-07-14
venice-token,2025-07-14
vaultbridge-bridged-eth-katana,2025-07-14
vaultbridge-bridged-usdc-katana,2025-07-14
waves,2025-07-14
unit-00-rei,2025-07-14
wax,2025-07-14
wbnb,2025-07-14
wemix-token,2025-07-14
usdtb,2025-07-14
weth,2025-07-14
whitebit,2025-07-14
whiteheart,2025-07-14
wilder-world,2025-07-14
wink,2025-07-14
wmatic,2025-07-14
wojak,2025-07-14
woo-network,2025-07-14
world-mobile-token,2025-07-14
worldcoin-wld,2025-07-14
wrapped-avax,2025-07-14
wrapped-beacon-eth,2025-07-14
wrapped-bitcoin,2025-07-14
wrapped-centrifuge,2025-07-14
wrapped-eeth,2025-07-14
wrapped-ether-mantle-bridge,2025-07-14
venom,2025-07-14
vine,2025-07-14
wrapped-nxm,2025-07-14
w-coin,2025-07-14
wrapped-solana,2025-07-14
usualx,2025-07-14
wrapped-steth,2025-07-14
wrapped-xrp,2025-07-14
wrapped-zenbtc,2025-07-14
xai-blockchain,2025-07-14
xdce-crowd-sale,2025-07-14
xpla,2025-07-14
xtusd,2025-07-14
xyo-network,2025-07-14
yearn-finance,2025-07-14
yield-guild-games,2025-07-14
walrus-2,2025-07-14
yu,2025-07-14
zano,2025-07-14
zcash,2025-07-14
wayfinder,2025-07-14
zedxion,2025-07-14
zelcash,2025-07-14
zencash,2025-07-14
wormhole,2025-07-14
wrapped-fragsol,2025-07-14
zetachain,2025-07-14
web-3-dollar,2025-07-14
wrapped-hype,2025-07-14
zignaly,2025-07-14
zilliqa,2025-07-14
wrapped-quil,2025-07-14
vaderai-by-virtuals,2025-07-14
zksync-bridged-usdc-zksync,2025-07-14
xion-2,2025-07-14
yneth-max,2025-07-14
zebec-network,2025-07-14
zeus-network,2025-07-14
zeus-netwok-zbtc,2025-07-14
zircuit,2025-07-14
zentry,2025-07-14
zksync,2025-07-14
zerebro,2025-07-14
fair-and-free,2025-07-14
gxchain,2025-07-14
